Date,Title,URL
2022.05.12. 오후 8:51,소상공인에 최대 1000만원…사상최대 ‘59조 추경’에 인플레 우려도,https://n.news.naver.com/mnews/article/020/0003428116
2022.05.12. 오후 11:43,"윤 대통령, 국제무대 데뷔 “코로나 종식에 책임과 역할 다할 것”",https://n.news.naver.com/mnews/article/032/0003146565
2022.05.12. 오후 11:17,암행어사가 출두한다고?…제1기 문화전당 서포터즈 출범,https://n.news.naver.com/mnews/article/005/0001525635
2022.05.12. 오후 4:11,"KCC, 고내열성 플랜트 도료 ‘써멀마스크 1501’ 출시",https://n.news.naver.com/mnews/article/021/0002513406
2022.05.12. 오후 8:51,소상공인에 최대 1000만원…사상최대 ‘59조 추경’에 인플레 우려도,https://n.news.naver.com/mnews/article/020/0003428116
2022.05.12. 오후 11:14,‘추가 성희롱 발언’ 보도에… 최강욱 “날조성 의혹 제기”,https://n.news.naver.com/mnews/article/005/0001525634
2022.05.12. 오후 11:43,"윤 대통령, 국제무대 데뷔 “코로나 종식에 책임과 역할 다할 것”",https://n.news.naver.com/mnews/article/032/0003146565
2022.05.12. 오후 4:01,"김구 장손 김진, 장준하 장남 장호권 광복회장 출사표…동갑내기 2파전",https://n.news.naver.com/mnews/article/021/0002513405
2022.05.12. 오후 8:43,"[리뷰] 다재다능 32인치 4K 모니터, 큐닉스 QX321U 4K IPS PD",https://n.news.naver.com/mnews/article/020/0003428115
2022.05.12. 오후 11:14,‘추가 성희롱 발언’ 보도에… 최강욱 “날조성 의혹 제기”,https://n.news.naver.com/mnews/article/005/0001525634
2022.05.12. 오후 4:01,"김구 장손 김진, 장준하 장남 장호권 광복회장 출사표…동갑내기 2파전",https://n.news.naver.com/mnews/article/021/0002513405
2022.05.12. 오후 8:43,"[리뷰] 다재다능 32인치 4K 모니터, 큐닉스 QX321U 4K IPS PD",https://n.news.naver.com/mnews/article/020/0003428115
2022.05.12. 오후 11:09,이재준·이동환 고양시장 후보 등록…본격 선거전 돌입,https://n.news.naver.com/mnews/article/005/0001525633
2022.05.12. 오후 4:01,극우세력 지목한 사진 속 ‘광수 1번’ 김 군 생존해 있다,https://n.news.naver.com/mnews/article/021/0002513404
2022.05.12. 오후 11:09,이재준·이동환 고양시장 후보 등록…본격 선거전 돌입,https://n.news.naver.com/mnews/article/005/0001525633
2022.05.12. 오후 8:36,"농협중앙회, 조합장 ESG 아카데미 1기 교육",https://n.news.naver.com/mnews/article/020/0003428114
2022.05.12. 오후 11:16,윤 대통령 “코로나 종식 위해 책임과 역할 다할 것”,https://n.news.naver.com/mnews/article/032/0003146563
2022.05.12. 오후 4:01,극우세력 지목한 사진 속 ‘광수 1번’ 김 군 생존해 있다,https://n.news.naver.com/mnews/article/021/0002513404
2022.05.12. 오후 8:36,"농협중앙회, 조합장 ESG 아카데미 1기 교육",https://n.news.naver.com/mnews/article/020/0003428114
2022.05.12. 오후 11:16,윤 대통령 “코로나 종식 위해 책임과 역할 다할 것”,https://n.news.naver.com/mnews/article/032/0003146563
2022.05.12. 오후 11:16,"권영세 “취임 후 특사 자격으로 북한 방문, 긍정적 검토”",https://n.news.naver.com/mnews/article/032/0003146562
2022.05.12. 오후 8:35,"국가안보실 “北 미사일 발사, 중대한 도발…엄정 조치”",https://n.news.naver.com/mnews/article/020/0003428113
2022.05.12. 오후 10:53,정덕영 양주시장 후보 등록…“정치인 출신 시장 필요해”,https://n.news.naver.com/mnews/article/005/0001525631
2022.05.12. 오후 8:35,"국가안보실 “北 미사일 발사, 중대한 도발…엄정 조치”",https://n.news.naver.com/mnews/article/020/0003428113
2022.05.12. 오후 11:16,"권영세 “취임 후 특사 자격으로 북한 방문, 긍정적 검토”",https://n.news.naver.com/mnews/article/032/0003146562
2022.05.12. 오후 3:56,"법원, ‘고발 사주’ 제보 조성은 공익신고자 인정",https://n.news.naver.com/mnews/article/021/0002513402
2022.05.12. 오후 10:53,정덕영 양주시장 후보 등록…“정치인 출신 시장 필요해”,https://n.news.naver.com/mnews/article/005/0001525631
2022.05.12. 오후 8:28,"농신보, 상각채권 495억원 소각… 농어업인 신용회복 지원",https://n.news.naver.com/mnews/article/020/0003428112
2022.05.12. 오후 3:51,"“철통 수호”…한울원전본부, 유관 기관 통합 테러 대비 훈련 시행",https://n.news.naver.com/mnews/article/021/0002513401
2022.05.12. 오후 11:03,‘검수완박’ 민주당·검찰 상황 중계만…피해자 입장·보완점 기사 적어,https://n.news.naver.com/mnews/article/032/0003146561
2022.05.12. 오후 8:28,"농신보, 상각채권 495억원 소각… 농어업인 신용회복 지원",https://n.news.naver.com/mnews/article/020/0003428112
2022.05.12. 오후 3:51,"“철통 수호”…한울원전본부, 유관 기관 통합 테러 대비 훈련 시행",https://n.news.naver.com/mnews/article/021/0002513401
2022.05.12. 오후 11:03,‘검수완박’ 민주당·검찰 상황 중계만…피해자 입장·보완점 기사 적어,https://n.news.naver.com/mnews/article/032/0003146561
2022.05.12. 오후 10:47,권용재 고양시의원 후보 “식사·풍산·고봉 교통문제 개선할 것”,https://n.news.naver.com/mnews/article/005/0001525630
2022.05.12. 오후 8:23,"韓, 안보리서 文 자제하던 ‘CVID’ 언급…달라진 대북기조",https://n.news.naver.com/mnews/article/020/0003428111
2022.05.12. 오후 3:46,"민보협, 박완주 제명에 “더 큰 성비위 제보도 받아…어쩌다 우리 당이 이 정도로 됐나”",https://n.news.naver.com/mnews/article/021/0002513400
2022.05.12. 오후 10:47,권용재 고양시의원 후보 “식사·풍산·고봉 교통문제 개선할 것”,https://n.news.naver.com/mnews/article/005/0001525630
2022.05.12. 오후 3:46,"민보협, 박완주 제명에 “더 큰 성비위 제보도 받아…어쩌다 우리 당이 이 정도로 됐나”",https://n.news.naver.com/mnews/article/021/0002513400
2022.05.12. 오후 10:36,"의정부성모병원, 로봇수술 도입 2년 만에 1000례 돌파",https://n.news.naver.com/mnews/article/005/0001525629
2022.05.12. 오후 8:23,"韓, 안보리서 文 자제하던 ‘CVID’ 언급…달라진 대북기조",https://n.news.naver.com/mnews/article/020/0003428111
2022.05.12. 오후 3:46,유가 급등에 뒤바뀐 세계 시총…사우디 아람코 1위 탈환,https://n.news.naver.com/mnews/article/021/0002513399
2022.05.12. 오후 10:36,"의정부성모병원, 로봇수술 도입 2년 만에 1000례 돌파",https://n.news.naver.com/mnews/article/005/0001525629
2022.05.12. 오후 10:10,[포토] 딸과 함께 활짝 웃으며 떠나는 김부겸 총리,https://n.news.naver.com/mnews/article/005/0001525628
2022.05.12. 오후 7:59,"檢, ‘이재명 변호사비 대납 의혹’ 관련 나승철 변호사 소환 조사",https://n.news.naver.com/mnews/article/020/0003428110
2022.05.12. 오후 3:46,1290vs2550...年최고·최저 위태로운 환율·주가,https://n.news.naver.com/mnews/article/021/0002513398
2022.05.12. 오후 10:10,[포토] 딸과 함께 활짝 웃으며 떠나는 김부겸 총리,https://n.news.naver.com/mnews/article/005/0001525628
2022.05.12. 오후 7:59,"檢, ‘이재명 변호사비 대납 의혹’ 관련 나승철 변호사 소환 조사",https://n.news.naver.com/mnews/article/020/0003428110
2022.05.12. 오후 3:46,1290vs2550...年최고·최저 위태로운 환율·주가,https://n.news.naver.com/mnews/article/021/0002513398
2022.05.12. 오후 10:01,"“설마 했는데,진짜네”… ‘식용유 대란’에 서민 한숨만",https://n.news.naver.com/mnews/article/005/0001525627
2022.05.12. 오후 7:42,박지현 “또 사고가 터졌다”…박완주 성추행 의혹 사과,https://n.news.naver.com/mnews/article/020/0003428109
2022.05.12. 오후 10:01,"“설마 했는데,진짜네”… ‘식용유 대란’에 서민 한숨만",https://n.news.naver.com/mnews/article/005/0001525627
2022.05.12. 오후 9:56,尹 대통령 측 “김관정 ‘채널A 사건 수사일지’는 허위”,https://n.news.naver.com/mnews/article/005/0001525626
2022.05.12. 오후 9:56,尹 대통령 측 “김관정 ‘채널A 사건 수사일지’는 허위”,https://n.news.naver.com/mnews/article/005/0001525626
2022.05.12. 오후 7:42,박지현 “또 사고가 터졌다”…박완주 성추행 의혹 사과,https://n.news.naver.com/mnews/article/020/0003428109
2022.05.12. 오후 9:52,[포토] 더위엔 수박이 최고,https://n.news.naver.com/mnews/article/005/0001525625
2022.05.12. 오후 7:34,[앱으리띵] 3가지 운동을 회원권 하나로? 운동 통합 멤버십 서비스 '다짐',https://n.news.naver.com/mnews/article/020/0003428108
2022.05.12. 오후 11:40,[사설] 코로나 첫 발생했는데도 미사일 도발 멈추지 않는 北,https://n.news.naver.com/mnews/article/022/0003695175
2022.05.12. 오후 9:52,[포토] 더위엔 수박이 최고,https://n.news.naver.com/mnews/article/005/0001525625
2022.05.12. 오후 11:40,[사설] 코로나 첫 발생했는데도 미사일 도발 멈추지 않는 北,https://n.news.naver.com/mnews/article/022/0003695175
2022.05.12. 오후 7:34,[앱으리띵] 3가지 운동을 회원권 하나로? 운동 통합 멤버십 서비스 '다짐',https://n.news.naver.com/mnews/article/020/0003428108
2022.05.12. 오후 9:50,[포토] “5·18 당시 내가 김군”… 생생한 증언,https://n.news.naver.com/mnews/article/005/0001525624
2022.05.12. 오후 11:40,"[사설] 성추문 끊이지 않는 민주당, 이러고도 국민 선택 바라는가",https://n.news.naver.com/mnews/article/022/0003695174
2022.05.12. 오후 6:48,노동자 곁이 내가 있을 곳… 번듯한 직장 대신 들불야학 택한 윤상원 열사[5·18 이끈 들불열사],https://n.news.naver.com/mnews/article/020/0003428107
2022.05.12. 오후 9:50,[포토] “5·18 당시 내가 김군”… 생생한 증언,https://n.news.naver.com/mnews/article/005/0001525624
2022.05.12. 오후 11:40,"[사설] 성추문 끊이지 않는 민주당, 이러고도 국민 선택 바라는가",https://n.news.naver.com/mnews/article/022/0003695174
2022.05.12. 오후 6:48,노동자 곁이 내가 있을 곳… 번듯한 직장 대신 들불야학 택한 윤상원 열사[5·18 이끈 들불열사],https://n.news.naver.com/mnews/article/020/0003428107
2022.05.12. 오후 11:40,"[사설] 이름·공약도 모르고 뽑는 교육감 선거, 이대로는 안 된다",https://n.news.naver.com/mnews/article/022/0003695173
2022.05.12. 오후 9:39,[포토] 다양한 일러스트 제품 ‘한 자리에’,https://n.news.naver.com/mnews/article/005/0001525623
2022.05.12. 오후 6:37,"北, 단거리 탄도미사일 3발 발사…尹정부 출범 후 첫 도발",https://n.news.naver.com/mnews/article/020/0003428106
2022.05.12. 오후 11:40,"[사설] 이름·공약도 모르고 뽑는 교육감 선거, 이대로는 안 된다",https://n.news.naver.com/mnews/article/022/0003695173
2022.05.12. 오후 9:39,[포토] 다양한 일러스트 제품 ‘한 자리에’,https://n.news.naver.com/mnews/article/005/0001525623
2022.05.12. 오후 6:37,"北, 단거리 탄도미사일 3발 발사…尹정부 출범 후 첫 도발",https://n.news.naver.com/mnews/article/020/0003428106
2022.05.12. 오후 11:39,[설왕설래] ‘하나의 중국’이라는 역린,https://n.news.naver.com/mnews/article/022/0003695172
2022.05.12. 오후 10:47,우리은하 중심 블랙홀 첫 관측…'빛나는 도넛 모양',https://n.news.naver.com/mnews/article/032/0003146554
2022.05.12. 오후 6:36,"尹대통령, 이창양 산자부·이영 중기부 장관 임명",https://n.news.naver.com/mnews/article/020/0003428105
2022.05.12. 오후 9:38,[현장]발가락 4개 절단한 채 고국땅 밟은 고려인 출신 난민 나탈리아의 엄마,https://n.news.naver.com/mnews/article/005/0001525622
2022.05.12. 오후 11:39,[설왕설래] ‘하나의 중국’이라는 역린,https://n.news.naver.com/mnews/article/022/0003695172
2022.05.12. 오후 6:36,"尹대통령, 이창양 산자부·이영 중기부 장관 임명",https://n.news.naver.com/mnews/article/020/0003428105
2022.05.12. 오후 10:47,우리은하 중심 블랙홀 첫 관측…'빛나는 도넛 모양',https://n.news.naver.com/mnews/article/032/0003146554
2022.05.12. 오후 9:38,[현장]발가락 4개 절단한 채 고국땅 밟은 고려인 출신 난민 나탈리아의 엄마,https://n.news.naver.com/mnews/article/005/0001525622
2022.05.12. 오후 6:05,"“화이자·모더나 mRNA 백신, 급성심낭염 발생과 연관”",https://n.news.naver.com/mnews/article/020/0003428103
2022.05.12. 오후 11:39,[현장에선] 기업과 권력의 거리두기,https://n.news.naver.com/mnews/article/022/0003695171
2022.05.12. 오후 9:36,[포토] 금성부터 토성까지 나란히… 우주쇼 장관,https://n.news.naver.com/mnews/article/005/0001525621
2022.05.12. 오후 11:39,[현장에선] 기업과 권력의 거리두기,https://n.news.naver.com/mnews/article/022/0003695171
2022.05.12. 오후 6:05,"“화이자·모더나 mRNA 백신, 급성심낭염 발생과 연관”",https://n.news.naver.com/mnews/article/020/0003428103
2022.05.12. 오후 9:36,[포토] 금성부터 토성까지 나란히… 우주쇼 장관,https://n.news.naver.com/mnews/article/005/0001525621
2022.05.12. 오후 11:39,[세계와우리] 美 ‘인도태평양 경제구상’ 미리보기,https://n.news.naver.com/mnews/article/022/0003695170
2022.05.12. 오후 8:11,"고개 숙인 박지현·윤호중…민주당, 박완주 의원 성비리 의혹 공식 사과",https://n.news.naver.com/mnews/article/021/0002513417
2022.05.12. 오후 9:28,[포토] 팔레스타인서 취재 기자 총격 사망… 조사 촉구,https://n.news.naver.com/mnews/article/005/0001525620
2022.05.12. 오후 11:39,[세계와우리] 美 ‘인도태평양 경제구상’ 미리보기,https://n.news.naver.com/mnews/article/022/0003695170
2022.05.12. 오후 8:11,"고개 숙인 박지현·윤호중…민주당, 박완주 의원 성비리 의혹 공식 사과",https://n.news.naver.com/mnews/article/021/0002513417
2022.05.12. 오후 9:28,[포토] 팔레스타인서 취재 기자 총격 사망… 조사 촉구,https://n.news.naver.com/mnews/article/005/0001525620
2022.05.12. 오후 11:38,[이강엽의고전나들이] 장광설(長廣舌) 유감,https://n.news.naver.com/mnews/article/022/0003695169
2022.05.12. 오후 7:41,"北, 尹정부 출범 후 첫 미사일 발사…정부 “중대 도발”",https://n.news.naver.com/mnews/article/021/0002513416
2022.05.12. 오후 11:38,[이강엽의고전나들이] 장광설(長廣舌) 유감,https://n.news.naver.com/mnews/article/022/0003695169
2022.05.12. 오후 10:52,전쟁에 이상기온까지…곡물생산량 ‘뚝’ 세계 식량위기 확산,https://n.news.naver.com/mnews/article/020/0003428123
2022.05.12. 오후 7:41,"北, 尹정부 출범 후 첫 미사일 발사…정부 “중대 도발”",https://n.news.naver.com/mnews/article/021/0002513416
2022.05.12. 오후 11:38,[박주연의동물권이야기] 반려견과 가축 그 간극,https://n.news.naver.com/mnews/article/022/0003695168
2022.05.12. 오후 5:06,"尹정부, 소상공인에 최대 1000만원…사상최대 59조 추경",https://n.news.naver.com/mnews/article/021/0002513415
2022.05.12. 오후 10:52,전쟁에 이상기온까지…곡물생산량 ‘뚝’ 세계 식량위기 확산,https://n.news.naver.com/mnews/article/020/0003428123
2022.05.12. 오후 5:06,"尹정부, 소상공인에 최대 1000만원…사상최대 59조 추경",https://n.news.naver.com/mnews/article/021/0002513415
2022.05.12. 오후 11:38,[박주연의동물권이야기] 반려견과 가축 그 간극,https://n.news.naver.com/mnews/article/022/0003695168
2022.05.12. 오후 9:56,김은혜 “힘있는 집권 여당 후보” vs 김동연 “말꾼 아닌 일꾼 필요”,https://n.news.naver.com/mnews/article/020/0003428122
2022.05.12. 오후 4:56,공군 부대에서 코로나19 확진자 발생 은폐…엉터리 방역도 논란,https://n.news.naver.com/mnews/article/021/0002513414
2022.05.12. 오후 9:56,김은혜 “힘있는 집권 여당 후보” vs 김동연 “말꾼 아닌 일꾼 필요”,https://n.news.naver.com/mnews/article/020/0003428122
2022.05.12. 오후 11:37,[인구와미래] 지역의 고령화가 야기할 사건들,https://n.news.naver.com/mnews/article/022/0003695167
2022.05.12. 오후 4:56,공군 부대에서 코로나19 확진자 발생 은폐…엉터리 방역도 논란,https://n.news.naver.com/mnews/article/021/0002513414
2022.05.12. 오후 11:37,[인구와미래] 지역의 고령화가 야기할 사건들,https://n.news.naver.com/mnews/article/022/0003695167
2022.05.12. 오후 9:41,"文, 귀향 사흘만에 첫 메시지 “저는 잘 지낸다”",https://n.news.naver.com/mnews/article/020/0003428121
2022.05.12. 오후 4:56,"우리은행, 횡령사고 또…“이번엔 내부 통제로 전액 회수”",https://n.news.naver.com/mnews/article/021/0002513413
2022.05.12. 오후 11:37,"[열린마당] 물티슈, 종이 아닌 플라스틱 쉽게 버리면 환경에 악영향",https://n.news.naver.com/mnews/article/022/0003695166
2022.05.12. 오후 9:41,"文, 귀향 사흘만에 첫 메시지 “저는 잘 지낸다”",https://n.news.naver.com/mnews/article/020/0003428121
2022.05.12. 오후 10:34,이화경향음악콩쿠르 ‘영광의 얼굴들’[포토뉴스],https://n.news.naver.com/mnews/article/032/0003146549
2022.05.12. 오후 11:37,[열린마당] 식품안전 확보 ‘스마트 해썹’ 확대 필요,https://n.news.naver.com/mnews/article/022/0003695165
2022.05.12. 오후 4:56,백원선 작가 “아트부산도 정체성 뚜렷한 작품을 선호”,https://n.news.naver.com/mnews/article/021/0002513412
2022.05.12. 오후 9:40,민주 “박완주 심각한 수준 성범죄”… 지방선거 20일 앞 또 성추문,https://n.news.naver.com/mnews/article/020/0003428120
2022.05.12. 오후 10:34,이화경향음악콩쿠르 ‘영광의 얼굴들’[포토뉴스],https://n.news.naver.com/mnews/article/032/0003146549
2022.05.12. 오후 9:40,민주 “박완주 심각한 수준 성범죄”… 지방선거 20일 앞 또 성추문,https://n.news.naver.com/mnews/article/020/0003428120
2022.05.12. 오후 11:37,[열린마당] 식품안전 확보 ‘스마트 해썹’ 확대 필요,https://n.news.naver.com/mnews/article/022/0003695165
2022.05.12. 오후 4:56,백원선 작가 “아트부산도 정체성 뚜렷한 작품을 선호”,https://n.news.naver.com/mnews/article/021/0002513412
2022.05.12. 오후 10:34,‘산업화 1세대’ 구자학 아워홈 회장 별세,https://n.news.naver.com/mnews/article/032/0003146548
2022.05.12. 오후 9:12,“간편식에 디저트까지…中 VIP 특별 관리하는 명품 브랜드”,https://n.news.naver.com/mnews/article/020/0003428119
2022.05.12. 오후 11:36,[기고] ‘포스트 코로나’ 보복여행 국내로 떠나자,https://n.news.naver.com/mnews/article/022/0003695164
2022.05.12. 오후 4:51,"中 시진핑, 마르코스 필리핀 대통령 당선인에 축전",https://n.news.naver.com/mnews/article/021/0002513411
2022.05.12. 오후 10:34,‘산업화 1세대’ 구자학 아워홈 회장 별세,https://n.news.naver.com/mnews/article/032/0003146548
2022.05.12. 오후 11:36,[기고] ‘포스트 코로나’ 보복여행 국내로 떠나자,https://n.news.naver.com/mnews/article/022/0003695164
2022.05.12. 오후 9:12,“간편식에 디저트까지…中 VIP 특별 관리하는 명품 브랜드”,https://n.news.naver.com/mnews/article/020/0003428119
2022.05.12. 오후 4:51,"캐나다, 우크라이나 전쟁 난민 이송할 전세기 띄운다",https://n.news.naver.com/mnews/article/021/0002513410
2022.05.12. 오후 10:34,오늘의 부고 - 2022년 5월 13일,https://n.news.naver.com/mnews/article/032/0003146547
2022.05.12. 오후 11:36,[이상근의플랫폼경제] 엔데믹 시점에 바라본 디지털자산,https://n.news.naver.com/mnews/article/022/0003695163
2022.05.12. 오후 9:05,임전 허문 ‘붓질 육십년’ 개인전,https://n.news.naver.com/mnews/article/020/0003428118
2022.05.12. 오후 4:51,"6·1지방선거 고위 공무원 출신 기초단체장 후보들, 교통·복지 등 생활밀착 공약 집중 공략",https://n.news.naver.com/mnews/article/021/0002513409
2022.05.12. 오후 10:33,오늘의 인사 - 2022년 5월 13일,https://n.news.naver.com/mnews/article/032/0003146546
2022.05.12. 오후 11:36,[이상근의플랫폼경제] 엔데믹 시점에 바라본 디지털자산,https://n.news.naver.com/mnews/article/022/0003695163
2022.05.12. 오후 9:03,"北, 尹 취임 후 첫 탄도미사일 도발…안보실 “실질-엄정 조치”",https://n.news.naver.com/mnews/article/020/0003428117
2022.05.12. 오후 4:51,"6·1지방선거 고위 공무원 출신 기초단체장 후보들, 교통·복지 등 생활밀착 공약 집중 공략",https://n.news.naver.com/mnews/article/021/0002513409
2022.05.12. 오후 9:03,"北, 尹 취임 후 첫 탄도미사일 도발…안보실 “실질-엄정 조치”",https://n.news.naver.com/mnews/article/020/0003428117
2022.05.12. 오후 4:21,"순천향대, 캄보디아 국공립 청소년센터 역량강화사업 ‘첫발’",https://n.news.naver.com/mnews/article/021/0002513408
2022.05.12. 오후 11:09,다자외교 데뷔한 尹 “개도국 백신 자급화 적극 지원”,https://n.news.naver.com/mnews/article/022/0003695161
2022.05.12. 오후 4:16,동아쏘시오그룹 90년 이어온 ‘사회적 책임 DNA’,https://n.news.naver.com/mnews/article/021/0002513407
2022.05.12. 오후 11:29,김원기 의정부시장 후보 등록…본격적인 선거운동 나서,https://n.news.naver.com/mnews/article/005/0001525638
2022.05.12. 오후 11:09,다자외교 데뷔한 尹 “개도국 백신 자급화 적극 지원”,https://n.news.naver.com/mnews/article/022/0003695161
2022.05.12. 오후 11:29,김원기 의정부시장 후보 등록…본격적인 선거운동 나서,https://n.news.naver.com/mnews/article/005/0001525638
2022.05.12. 오후 8:57,"러軍, 민간인 등 뒤에 총쏘고 건배…CCTV에 담긴 잔혹 장면",https://n.news.naver.com/mnews/article/023/0003691059
2022.05.12. 오후 4:11,"KCC, 고내열성 플랜트 도료 ‘써멀마스크 1501’ 출시",https://n.news.naver.com/mnews/article/021/0002513406
2022.05.12. 오후 11:29,5·18 그날의 참상 목격한 벽안의 증언…전남대 외국인 저자 북 토크,https://n.news.naver.com/mnews/article/005/0001525637
2022.05.12. 오후 11:02,위급한 조종사 대신 승객이 ‘기적의 착륙’,https://n.news.naver.com/mnews/article/022/0003695160
2022.05.12. 오후 8:57,"러軍, 민간인 등 뒤에 총쏘고 건배…CCTV에 담긴 잔혹 장면",https://n.news.naver.com/mnews/article/023/0003691059
2022.05.12. 오후 8:40,"尹대통령, 13일 이준석 대표와 용산 청사 회동…취임 후 사흘만",https://n.news.naver.com/mnews/article/025/0003194443
2022.05.12. 오후 8:49,"민주당 “박완주 사건, 심각한 수준의 성범죄…국민 여러분께 사과”",https://n.news.naver.com/mnews/article/023/0003691058
2022.05.12. 오후 11:02,위급한 조종사 대신 승객이 ‘기적의 착륙’,https://n.news.naver.com/mnews/article/022/0003695160
2022.05.12. 오후 8:40,"尹대통령, 13일 이준석 대표와 용산 청사 회동…취임 후 사흘만",https://n.news.naver.com/mnews/article/025/0003194443
2022.05.12. 오후 11:29,5·18 그날의 참상 목격한 벽안의 증언…전남대 외국인 저자 북 토크,https://n.news.naver.com/mnews/article/005/0001525637
2022.05.12. 오후 8:49,"민주당 “박완주 사건, 심각한 수준의 성범죄…국민 여러분께 사과”",https://n.news.naver.com/mnews/article/023/0003691058
2022.05.12. 오후 11:24,김경일·조병국 파주시장 후보 등록…정정당당 선거 약속,https://n.news.naver.com/mnews/article/005/0001525636
2022.05.12. 오후 11:02,“피해자·국민 됐다고 할 때까지 사과”… 성비위에 고개 숙인 민주당,https://n.news.naver.com/mnews/article/022/0003695159
2022.05.12. 오후 11:35,우리은하 중심에 있는 블랙홀은 어떤 모습? 최초 관측 성공,https://n.news.naver.com/mnews/article/028/0002590454
2022.05.12. 오후 8:47,권영세 통일장관 후보 청문회 “지금은 대북 제재의 시간”,https://n.news.naver.com/mnews/article/023/0003691057
2022.05.12. 오후 11:02,“피해자·국민 됐다고 할 때까지 사과”… 성비위에 고개 숙인 민주당,https://n.news.naver.com/mnews/article/022/0003695159
2022.05.12. 오후 11:24,김경일·조병국 파주시장 후보 등록…정정당당 선거 약속,https://n.news.naver.com/mnews/article/005/0001525636
2022.05.12. 오후 11:35,우리은하 중심에 있는 블랙홀은 어떤 모습? 최초 관측 성공,https://n.news.naver.com/mnews/article/028/0002590454
2022.05.12. 오후 8:47,권영세 통일장관 후보 청문회 “지금은 대북 제재의 시간”,https://n.news.naver.com/mnews/article/023/0003691057
2022.05.12. 오후 10:54,‘성비위 제명’ 박완주 대리 서명으로 피해자 의원면직 철회되자 직권면직 요구 의혹,https://n.news.naver.com/mnews/article/022/0003695158
2022.05.12. 오후 11:25,나토가입 공식화한 핀란드에 러시아 “보복조치 취할 것” 성명 내,https://n.news.naver.com/mnews/article/028/0002590453
2022.05.12. 오후 11:17,암행어사가 출두한다고?…제1기 문화전당 서포터즈 출범,https://n.news.naver.com/mnews/article/005/0001525635
2022.05.12. 오후 10:54,‘성비위 제명’ 박완주 대리 서명으로 피해자 의원면직 철회되자 직권면직 요구 의혹,https://n.news.naver.com/mnews/article/022/0003695158
2022.05.12. 오후 11:42,"尹대통령 ""백신 필요한 국가에 지원""…다자외교무대 데뷔",https://n.news.naver.com/mnews/article/025/0003194462
2022.05.12. 오후 11:25,나토가입 공식화한 핀란드에 러시아 “보복조치 취할 것” 성명 내,https://n.news.naver.com/mnews/article/028/0002590453
2022.05.12. 오후 11:14,우리은하 블랙홀 이미지 첫 포착,https://n.news.naver.com/mnews/article/469/0000674723
2022.05.12. 오후 11:42,"尹대통령 ""백신 필요한 국가에 지원""…다자외교무대 데뷔",https://n.news.naver.com/mnews/article/025/0003194462
2022.05.12. 오후 10:23,5월 13일 한겨레 그림판,https://n.news.naver.com/mnews/article/028/0002590452
2022.05.12. 오후 11:14,우리은하 블랙홀 이미지 첫 포착,https://n.news.naver.com/mnews/article/469/0000674723
2022.05.12. 오후 11:30,"""대리석 무늬인 줄""…2년도 안된 아파트, 외벽 층마다 균열",https://n.news.naver.com/mnews/article/025/0003194461
2022.05.12. 오후 10:23,5월 13일 한겨레 그림판,https://n.news.naver.com/mnews/article/028/0002590452
2022.05.12. 오후 10:41,"중국으로 흥했던 LG생활건강, 코로나 봉쇄에 휘청... 흔들리는 '차석용 매직'",https://n.news.naver.com/mnews/article/469/0000674722
2022.05.12. 오후 9:41,5월 13일 출판 새 책,https://n.news.naver.com/mnews/article/028/0002590451
2022.05.12. 오후 11:30,"""대리석 무늬인 줄""…2년도 안된 아파트, 외벽 층마다 균열",https://n.news.naver.com/mnews/article/025/0003194461
2022.05.12. 오후 11:40,“루이비통이 디저트까지 보내줘”…봉쇄 속 중국 VIP 특별관리 받아,https://n.news.naver.com/mnews/article/023/0003691076
2022.05.12. 오후 10:41,"중국으로 흥했던 LG생활건강, 코로나 봉쇄에 휘청... 흔들리는 '차석용 매직'",https://n.news.naver.com/mnews/article/469/0000674722
2022.05.12. 오후 9:41,5월 13일 출판 새 책,https://n.news.naver.com/mnews/article/028/0002590451
2022.05.12. 오후 11:05,"[속보] 외통위, 권영세 통일부 장관 후보자 인사청문보고서 채택",https://n.news.naver.com/mnews/article/025/0003194460
2022.05.12. 오후 11:40,“루이비통이 디저트까지 보내줘”…봉쇄 속 중국 VIP 특별관리 받아,https://n.news.naver.com/mnews/article/023/0003691076
2022.05.12. 오후 11:05,"[속보] 외통위, 권영세 통일부 장관 후보자 인사청문보고서 채택",https://n.news.naver.com/mnews/article/025/0003194460
2022.05.12. 오후 11:20,"尹, 국제무대 데뷔… 美 사회자 “그의 당선을 축하해주자”",https://n.news.naver.com/mnews/article/023/0003691075
2022.05.12. 오후 10:28,"日, ""北 탄도미사일 최고고도 100㎞… 동해 EEZ 바깥 낙하""",https://n.news.naver.com/mnews/article/469/0000674721
2022.05.12. 오후 9:39,5월 13일 출판 새 책,https://n.news.naver.com/mnews/article/028/0002590450
2022.05.12. 오후 11:02,與 강남구청장 공천 진통…경선 번복한 '전략공천'에 가처분 '맞불',https://n.news.naver.com/mnews/article/025/0003194459
2022.05.12. 오후 11:20,"尹, 국제무대 데뷔… 美 사회자 “그의 당선을 축하해주자”",https://n.news.naver.com/mnews/article/023/0003691075
2022.05.12. 오후 10:28,"日, ""北 탄도미사일 최고고도 100㎞… 동해 EEZ 바깥 낙하""",https://n.news.naver.com/mnews/article/469/0000674721
2022.05.12. 오후 11:02,與 강남구청장 공천 진통…경선 번복한 '전략공천'에 가처분 '맞불',https://n.news.naver.com/mnews/article/025/0003194459
2022.05.12. 오후 9:39,5월 13일 출판 새 책,https://n.news.naver.com/mnews/article/028/0002590450
2022.05.12. 오후 11:20,"외통위, 권영세 통일부 장관 후보자 인사청문보고서 채택",https://n.news.naver.com/mnews/article/023/0003691074
2022.05.12. 오후 9:35,5월 13일 출판 새 책,https://n.news.naver.com/mnews/article/028/0002590449
2022.05.12. 오후 10:26,"“고령에 재범위험 낮아” 신상 공개 피한 80대, 아동 성폭행",https://n.news.naver.com/mnews/article/469/0000674720
2022.05.12. 오후 10:59,"러, 핀란드 나토 가입 공식화에 반발…""군사적 보복 불가피""",https://n.news.naver.com/mnews/article/025/0003194458
2022.05.12. 오후 10:59,"러, 핀란드 나토 가입 공식화에 반발…""군사적 보복 불가피""",https://n.news.naver.com/mnews/article/025/0003194458
2022.05.12. 오후 9:35,5월 13일 출판 새 책,https://n.news.naver.com/mnews/article/028/0002590449
2022.05.12. 오후 11:20,"외통위, 권영세 통일부 장관 후보자 인사청문보고서 채택",https://n.news.naver.com/mnews/article/023/0003691074
2022.05.12. 오후 10:26,"“고령에 재범위험 낮아” 신상 공개 피한 80대, 아동 성폭행",https://n.news.naver.com/mnews/article/469/0000674720
2022.05.12. 오후 9:35,‘퇴거 반대 농성’ 고시텔 입주자 2명 숨진 채 발견,https://n.news.naver.com/mnews/article/028/0002590448
2022.05.12. 오후 10:52,"최강욱, 추가 성희롱 의혹 제보에 “모두 악의가 느껴지는 날조”",https://n.news.naver.com/mnews/article/025/0003194457
2022.05.12. 오후 11:12,"이재명 ‘변호사비 대납 의혹’… 검찰, 李 측근들 불러 조사",https://n.news.naver.com/mnews/article/023/0003691073
2022.05.12. 오후 10:24,"김관정 '채널A 수사일지' 공개에 尹대통령 측 ""허위 사실"" 정면 반박",https://n.news.naver.com/mnews/article/469/0000674719
2022.05.12. 오후 10:52,"최강욱, 추가 성희롱 의혹 제보에 “모두 악의가 느껴지는 날조”",https://n.news.naver.com/mnews/article/025/0003194457
2022.05.12. 오후 9:35,‘퇴거 반대 농성’ 고시텔 입주자 2명 숨진 채 발견,https://n.news.naver.com/mnews/article/028/0002590448
2022.05.12. 오후 11:12,"이재명 ‘변호사비 대납 의혹’… 검찰, 李 측근들 불러 조사",https://n.news.naver.com/mnews/article/023/0003691073
2022.05.12. 오후 10:24,"김관정 '채널A 수사일지' 공개에 尹대통령 측 ""허위 사실"" 정면 반박",https://n.news.naver.com/mnews/article/469/0000674719
2022.05.12. 오후 8:43,[공덕포차] 혐오·비하·불공정...윤석열 정부의 ‘반지성주의’ 사람들,https://n.news.naver.com/mnews/article/028/0002590447
2022.05.12. 오후 10:43,"尹대통령, 광주 5·18 민주화운동 기념식 참석한다",https://n.news.naver.com/mnews/article/025/0003194456
2022.05.12. 오후 11:09,“여성 보좌진 몸매 품평” 또 성희롱 의혹… 최강욱 “악의적 날조”,https://n.news.naver.com/mnews/article/023/0003691072
2022.05.12. 오후 8:43,[공덕포차] 혐오·비하·불공정...윤석열 정부의 ‘반지성주의’ 사람들,https://n.news.naver.com/mnews/article/028/0002590447
2022.05.12. 오후 10:43,"尹대통령, 광주 5·18 민주화운동 기념식 참석한다",https://n.news.naver.com/mnews/article/025/0003194456
2022.05.12. 오후 10:17,"역대 최고가 돌파한 경윳값…추경호 ""경유 부담 낮출 방안 발표""",https://n.news.naver.com/mnews/article/469/0000674718
2022.05.12. 오후 11:09,“여성 보좌진 몸매 품평” 또 성희롱 의혹… 최강욱 “악의적 날조”,https://n.news.naver.com/mnews/article/023/0003691072
2022.05.12. 오후 8:35,"5·18조사위, 2년 반 성과 발표…행불자 2명 찾는 데 그쳐",https://n.news.naver.com/mnews/article/028/0002590446
2022.05.12. 오후 10:17,"역대 최고가 돌파한 경윳값…추경호 ""경유 부담 낮출 방안 발표""",https://n.news.naver.com/mnews/article/469/0000674718
2022.05.12. 오후 10:27,‘1회 27억원’ 희귀질환 치료제 ‘졸겐스마주’ 건강보험 급여 적정성 인정됐다,https://n.news.naver.com/mnews/article/025/0003194455
2022.05.12. 오후 10:55,우리은하 중심 초거대 블랙홀 포착… 태양보다 질량 400만배 커,https://n.news.naver.com/mnews/article/023/0003691071
2022.05.12. 오후 8:35,"5·18조사위, 2년 반 성과 발표…행불자 2명 찾는 데 그쳐",https://n.news.naver.com/mnews/article/028/0002590446
2022.05.12. 오후 10:01,"117년 전 5월, 고향을 절규했던 애니깽 [삶과 문화]",https://n.news.naver.com/mnews/article/469/0000674717
naver.com/mnews/article/025/0003194455
2022.05.12. 오후 10:55,우리은하 중심 초거대 블랙홀 포착… 태양보다 질량 400만배 커,https://n.news.naver.com/mnews/article/023/0003691071
2022.05.12. 오후 8:33,"광주 시민군 김군, 차복환씨였다…“지만원 사과 받고 싶어”",https://n.news.naver.com/mnews/article/028/0002590445
2022.05.12. 오후 10:01,"117년 전 5월, 고향을 절규했던 애니깽 [삶과 문화]",https://n.news.naver.com/mnews/article/469/0000674717
2022.05.12. 오후 10:12,"[속보] 우리은하 중심 블랙홀 이미지도 포착…""과학사에 남을 성과""",https://n.news.naver.com/mnews/article/025/0003194454
2022.05.12. 오후 8:33,"광주 시민군 김군, 차복환씨였다…“지만원 사과 받고 싶어”",https://n.news.naver.com/mnews/article/028/0002590445
2022.05.12. 오후 10:01,"박진 외교장관 ""일관된 가치외교가 국익... CVID 새로운 개념 아니다""",https://n.news.naver.com/mnews/article/469/0000674716
2022.05.12. 오후 10:12,"[속보] 우리은하 중심 블랙홀 이미지도 포착…""과학사에 남을 성과""",https://n.news.naver.com/mnews/article/025/0003194454
2022.05.12. 오후 10:49,중립국 핀란드·스웨덴 “NATO 가입”… 전쟁 역풍 맞은 푸틴,https://n.news.naver.com/mnews/article/023/0003691070
2022.05.12. 오후 10:01,"박진 외교장관 ""일관된 가치외교가 국익... CVID 새로운 개념 아니다""",https://n.news.naver.com/mnews/article/469/0000674716
2022.05.12. 오후 8:29,"북, 국경폐쇄 2년만에 ‘코로나 확진’ 첫 인정",https://n.news.naver.com/mnews/article/028/0002590444
2022.05.12. 오후 10:49,중립국 핀란드·스웨덴 “NATO 가입”… 전쟁 역풍 맞은 푸틴,https://n.news.naver.com/mnews/article/023/0003691070
2022.05.12. 오후 10:03,"""옛 공약 우려대는 김남매""…김은혜·김동연 싸잡아 때린 강용석 [경기지사 TV 토론]",https://n.news.naver.com/mnews/article/025/0003194453
2022.05.12. 오후 9:51,"""로켓배송 첫 흑자 전환""? '적자 공룡' 쿠팡 깨어나나",https://n.news.naver.com/mnews/article/469/0000674715
2022.05.12. 오후 8:29,"북, 국경폐쇄 2년만에 ‘코로나 확진’ 첫 인정",https://n.news.naver.com/mnews/article/028/0002590444
2022.05.12. 오후 10:03,"""옛 공약 우려대는 김남매""…김은혜·김동연 싸잡아 때린 강용석 [경기지사 TV 토론]",https://n.news.naver.com/mnews/article/025/0003194453
2022.05.12. 오후 10:43,연극 무대 컴백 김수로 “코로나 2년간 대출로 버텼어요”,https://n.news.naver.com/mnews/article/023/0003691069
2022.05.12. 오후 9:51,"""로켓배송 첫 흑자 전환""? '적자 공룡' 쿠팡 깨어나나",https://n.news.naver.com/mnews/article/469/0000674715
2022.05.12. 오후 8:27,"전명규 전 빙상연맹 부회장, 파면 취소 소송서 승소",https://n.news.naver.com/mnews/article/028/0002590443
2022.05.12. 오후 10:43,연극 무대 컴백 김수로 “코로나 2년간 대출로 버텼어요”,https://n.news.naver.com/mnews/article/023/0003691069
2022.05.12. 오후 9:44,핀란드 74년 만에 중립국 포기... 지체 없는 나토 가입 선언,https://n.news.naver.com/mnews/article/469/0000674714
2022.05.12. 오후 10:36,文정부 ‘비공개 기록물’ 39만건… 박근혜 정부의 2배,https://n.news.naver.com/mnews/article/023/0003691068
2022.05.12. 오후 8:27,"전명규 전 빙상연맹 부회장, 파면 취소 소송서 승소",https://n.news.naver.com/mnews/article/028/0002590443
2022.05.12. 오후 9:44,핀란드 74년 만에 중립국 포기... 지체 없는 나토 가입 선언,https://n.news.naver.com/mnews/article/469/0000674714
2022.05.12. 오후 8:23,"“돈 없다더니” 규명 벼르는 야, 10조 더 늘린 수정안 제시",https://n.news.naver.com/mnews/article/028/0002590442
2022.05.12. 오후 10:36,文정부 ‘비공개 기록물’ 39만건… 박근혜 정부의 2배,https://n.news.naver.com/mnews/article/023/0003691068
2022.05.12. 오후 9:31,"'빙상 비리' 전명규 파면 취소 소송 승소...법원 ""파면 부당하다""",https://n.news.naver.com/mnews/article/469/0000674713
2022.05.12. 오후 9:59,"尹취임 후 첫 北도발에 대통령실 초강경 대응…""이중적 행태 개탄""",https://n.news.naver.com/mnews/article/025/0003194451
2022.05.12. 오후 8:23,"“돈 없다더니” 규명 벼르는 야, 10조 더 늘린 수정안 제시",https://n.news.naver.com/mnews/article/028/0002590442
2022.05.12. 오후 10:19,“일제가 옮겨놓은 ‘靑 미남석불’ 을 고향 경주로”,https://n.news.naver.com/mnews/article/023/0003691067
2022.05.12. 오후 9:31,"'빙상 비리' 전명규 파면 취소 소송 승소...법원 ""파면 부당하다""",https://n.news.naver.com/mnews/article/469/0000674713
2022.05.12. 오후 9:59,"尹취임 후 첫 北도발에 대통령실 초강경 대응…""이중적 행태 개탄""",https://n.news.naver.com/mnews/article/025/0003194451
2022.05.12. 오후 8:19,"민주당, ‘권력형 성폭력’ 박완주 제명…대국민 사과",https://n.news.naver.com/mnews/article/028/0002590441
2022.05.12. 오후 10:19,“일제가 옮겨놓은 ‘靑 미남석불’ 을 고향 경주로”,https://n.news.naver.com/mnews/article/023/0003691067
2022.05.12. 오후 9:31,'윤석열 정부' 국정동력 가늠자... 6·1 지방선거 막 올랐다,https://n.news.naver.com/mnews/article/469/0000674712
2022.05.12. 오후 9:57,뚜렷한 감소세…오후 9시까지 신규 확진자 전국 3만1479명,https://n.news.naver.com/mnews/article/025/0003194450
2022.05.12. 오후 10:16,"[단독] 尹대통령, 광주 5·18 행사 참석한다",https://n.news.naver.com/mnews/article/023/0003691066
2022.05.12. 오후 8:19,"민주당, ‘권력형 성폭력’ 박완주 제명…대국민 사과",https://n.news.naver.com/mnews/article/028/0002590441
2022.05.12. 오후 9:31,'윤석열 정부' 국정동력 가늠자... 6·1 지방선거 막 올랐다,https://n.news.naver.com/mnews/article/469/0000674712
2022.05.12. 오후 9:57,뚜렷한 감소세…오후 9시까지 신규 확진자 전국 3만1479명,https://n.news.naver.com/mnews/article/025/0003194450
2022.05.12. 오후 10:16,"[단독] 尹대통령, 광주 5·18 행사 참석한다",https://n.news.naver.com/mnews/article/023/0003691066
2022.05.12. 오후 8:13,간호사 10명 중 7명 ‘10년 이하’ 근속…‘번아웃’으로 떠난다,https://n.news.naver.com/mnews/article/028/0002590440
2022.05.12. 오후 9:11,"퇴거 명령에 반발, 인천 고시텔 거주자 2명 숨진채 발견",https://n.news.naver.com/mnews/article/469/0000674711
2022.05.12. 오후 9:39,"""불지르겠다""…퇴거 거부하던 고시텔 거주 2명, 숨진채 발견",https://n.news.naver.com/mnews/article/025/0003194449
2022.05.12. 오후 8:13,간호사 10명 중 7명 ‘10년 이하’ 근속…‘번아웃’으로 떠난다,https://n.news.naver.com/mnews/article/028/0002590440
2022.05.12. 오후 10:16,1·2차 맞은 후 확진땐… 3개월 후 추가접종하세요,https://n.news.naver.com/mnews/article/023/0003691065
2022.05.12. 오후 9:39,"""불지르겠다""…퇴거 거부하던 고시텔 거주 2명, 숨진채 발견",https://n.news.naver.com/mnews/article/025/0003194449
2022.05.12. 오후 9:11,"퇴거 명령에 반발, 인천 고시텔 거주자 2명 숨진채 발견",https://n.news.naver.com/mnews/article/469/0000674711
2022.05.12. 오후 8:09,‘야놀자’ 정보 무단수집 혐의…‘여기어때’ 전 대표 무죄 확정,https://n.news.naver.com/mnews/article/028/0002590439
2022.05.12. 오후 10:16,1·2차 맞은 후 확진땐… 3개월 후 추가접종하세요,https://n.news.naver.com/mnews/article/023/0003691065
2022.05.12. 오후 8:51,"민주당 또 권력형 성폭력... 3선 박완주, 성추행 혐의로 제명",https://n.news.naver.com/mnews/article/469/0000674710
2022.05.12. 오후 9:37,"'빙상 적폐' 전명규 전 빙상연맹 부회장, 파면 취소 소송 1심 승소",https://n.news.naver.com/mnews/article/025/0003194448
2022.05.12. 오후 8:09,‘야놀자’ 정보 무단수집 혐의…‘여기어때’ 전 대표 무죄 확정,https://n.news.naver.com/mnews/article/028/0002590439
2022.05.12. 오후 10:01,생활용품 만드는 회사가 39년 동안 나무 심는 이유,https://n.news.naver.com/mnews/article/023/0003691064
2022.05.12. 오후 8:51,"민주당 또 권력형 성폭력... 3선 박완주, 성추행 혐의로 제명",https://n.news.naver.com/mnews/article/469/0000674710
2022.05.12. 오후 8:01,"[육퇴한 밤] 화끈하게 노는 초등 아들, 공부도 잘하는 진짜 이유",https://n.news.naver.com/mnews/article/028/0002590438
2022.05.12. 오후 9:37,"'빙상 적폐' 전명규 전 빙상연맹 부회장, 파면 취소 소송 1심 승소",https://n.news.naver.com/mnews/article/025/0003194448
2022.05.12. 오후 10:01,생활용품 만드는 회사가 39년 동안 나무 심는 이유,https://n.news.naver.com/mnews/article/023/0003691064
2022.05.12. 오후 8:41,"소상공인에 최대 1,000만원…정부 ""5월말 지급할 수 있게 준비""",https://n.news.naver.com/mnews/article/469/0000674709
2022.05.12. 오후 8:01,"[육퇴한 밤] 화끈하게 노는 초등 아들, 공부도 잘하는 진짜 이유",https://n.news.naver.com/mnews/article/028/0002590438
2022.05.12. 오후 9:35,두 여중생 죽음 내몬 성폭력 계부 항소심도 무기징역 구형,https://n.news.naver.com/mnews/article/025/0003194447
2022.05.12. 오후 10:01,코로나 봉쇄 여파… 중국 4월 산업생산 0.3% 그칠 듯,https://n.news.naver.com/mnews/article/023/0003691063
2022.05.12. 오후 7:57,"북한, 윤석열 정부 출범 뒤 첫 미사일 발사",https://n.news.naver.com/mnews/article/028/0002590437
2022.05.12. 오후 9:35,두 여중생 죽음 내몬 성폭력 계부 항소심도 무기징역 구형,https://n.news.naver.com/mnews/article/025/0003194447
2022.05.12. 오후 10:01,코로나 봉쇄 여파… 중국 4월 산업생산 0.3% 그칠 듯,https://n.news.naver.com/mnews/article/023/0003691063
2022.05.12. 오후 8:41,"소상공인에 최대 1,000만원…정부 ""5월말 지급할 수 있게 준비""",https://n.news.naver.com/mnews/article/469/0000674709
2022.05.12. 오후 7:57,"북한, 윤석열 정부 출범 뒤 첫 미사일 발사",https://n.news.naver.com/mnews/article/028/0002590437
2022.05.12. 오후 8:31,"'한덕수 인준 딜레마'... 윤 대통령, '한동훈·정호영 카드'는 남겼다",https://n.news.naver.com/mnews/article/469/0000674708
2022.05.12. 오후 9:17,돔 페리뇽 부은 가죽? 3000만원 의자 안 보고도 주문한다는데…,https://n.news.naver.com/mnews/article/023/0003691062
2022.05.12. 오후 9:24,"김혜수 억대 몸값 모셨지만…""명품플랫폼, 이러다 다 죽어"" 왜",https://n.news.naver.com/mnews/article/025/0003194446
2022.05.12. 오후 9:24,"김혜수 억대 몸값 모셨지만…""명품플랫폼, 이러다 다 죽어"" 왜",https://n.news.naver.com/mnews/article/025/0003194446
2022.05.12. 오후 8:31,"'한덕수 인준 딜레마'... 윤 대통령, '한동훈·정호영 카드'는 남겼다",https://n.news.naver.com/mnews/article/469/0000674708
2022.05.12. 오후 9:17,돔 페리뇽 부은 가죽? 3000만원 의자 안 보고도 주문한다는데…,https://n.news.naver.com/mnews/article/023/0003691062
2022.05.12. 오후 7:57,"윤 대통령, 이틀째 출근길 문답…언제까지 계속될까",https://n.news.naver.com/mnews/article/028/0002590436
2022.05.12. 오후 9:13,美 세컨드 젠틀맨 옆 남자…홍석천 택한 이유 3가지 있다 [뉴스원샷],https://n.news.naver.com/mnews/article/025/0003194445
2022.05.12. 오후 9:10,親中 행정장관 뽑자마자… 홍콩 민주운동 지원 90세 추기경 체포,https://n.news.naver.com/mnews/article/023/0003691061
2022.05.12. 오후 8:10,"“‘곁땀’이 너무 많이 나요” 줄줄 흐르는 땀, 수술이 효과적",https://n.news.naver.com/mnews/article/469/0000674707
2022.05.12. 오후 7:57,"윤 대통령, 이틀째 출근길 문답…언제까지 계속될까",https://n.news.naver.com/mnews/article/028/0002590436
2022.05.12. 오후 9:13,美 세컨드 젠틀맨 옆 남자…홍석천 택한 이유 3가지 있다 [뉴스원샷],https://n.news.naver.com/mnews/article/025/0003194445
2022.05.12. 오후 9:10,親中 행정장관 뽑자마자… 홍콩 민주운동 지원 90세 추기경 체포,https://n.news.naver.com/mnews/article/023/0003691061
2022.05.12. 오후 8:10,"“‘곁땀’이 너무 많이 나요” 줄줄 흐르는 땀, 수술이 효과적",https://n.news.naver.com/mnews/article/469/0000674707
2022.05.12. 오후 7:53,정족수 채우려 박진·이상민 임명 강행…정호영은 정리 분위기,https://n.news.naver.com/mnews/article/028/0002590435
2022.05.12. 오후 9:07,"“불지르겠다”… 25일째 퇴거 불응 고시텔 2명, 숨진 채 발견",https://n.news.naver.com/mnews/article/023/0003691060
2022.05.12. 오후 8:01,하루 만에 97% 폭락…코인판 리먼사태? ‘루나’에 무슨 일이,https://n.news.naver.com/mnews/article/469/0000674706
2022.05.12. 오후 7:53,정족수 채우려 박진·이상민 임명 강행…정호영은 정리 분위기,https://n.news.naver.com/mnews/article/028/0002590435
2022.05.12. 오후 9:07,"“불지르겠다”… 25일째 퇴거 불응 고시텔 2명, 숨진 채 발견",https://n.news.naver.com/mnews/article/023/0003691060
2022.05.12. 오후 11:46,"美, “北 미사일 동맹과 긴밀 협의”, “즉각 위협은 아냐”",https://n.news.naver.com/mnews/article/469/0000674724
2022.05.12. 오후 8:01,하루 만에 97% 폭락…코인판 리먼사태? ‘루나’에 무슨 일이,https://n.news.naver.com/mnews/article/469/0000674706
2022.05.13. 오후 11:06,6·1 지방선거 광역단체장 경쟁률 3.2 대 1···여성후보 18%,https://n.news.naver.com/mnews/article/032/0003146752
2022.05.12. 오후 11:46,"美, “北 미사일 동맹과 긴밀 협의”, “즉각 위협은 아냐”",https://n.news.naver.com/mnews/article/469/0000674724
2022.05.13. 오후 11:06,6·1 지방선거 광역단체장 경쟁률 3.2 대 1···여성후보 18%,https://n.news.naver.com/mnews/article/032/0003146752
2022.05.12. 오후 8:01,"친할머니 살해 10대 2심도 중형… ""재범 가능성 높아 보여""",https://n.news.naver.com/mnews/article/469/0000674705
2022.05.13. 오후 6:52,"尹대통령, 권영세·박보균·원희룡 장관 임명",https://n.news.naver.com/mnews/article/005/0001525871
2022.05.12. 오후 8:48,"""고령이라…"" 집유 받았던 80대男, 초등생 집 데려가 성폭행",https://n.news.naver.com/mnews/article/025/0003194444
2022.05.13. 오후 6:26,"에스파, 美 타임지 ‘2022 넥스트 제너레이션 리더스’ 선정",https://n.news.naver.com/mnews/article/005/0001525870
2022.05.12. 오후 8:48,"""고령이라…"" 집유 받았던 80대男, 초등생 집 데려가 성폭행",https://n.news.naver.com/mnews/article/025/0003194444
2022.05.13. 오후 6:26,"에스파, 美 타임지 ‘2022 넥스트 제너레이션 리더스’ 선정",https://n.news.naver.com/mnews/article/005/0001525870
2022.05.12. 오후 8:01,"친할머니 살해 10대 2심도 중형… ""재범 가능성 높아 보여""",https://n.news.naver.com/mnews/article/469/0000674705
2022.05.13. 오후 6:19,"사회적기업 제리백, 어린이 교통사고 예방 안전 태그 3만6000개 전달",https://n.news.naver.com/mnews/article/005/0001525869
2022.05.13. 오후 6:19,"사회적기업 제리백, 어린이 교통사고 예방 안전 태그 3만6000개 전달",https://n.news.naver.com/mnews/article/005/0001525869
2022.05.13. 오후 6:16,‘14만원→1원’ 휴지조각된 루나…업비트·고팍스 상폐 결정,https://n.news.naver.com/mnews/article/005/0001525868
2022.05.13. 오후 11:15,머스크 “트위터 인수 잠시 보류…가짜 계정 비율 확인 중”,https://n.news.naver.com/mnews/article/032/0003146754
2022.05.13. 오후 6:16,‘14만원→1원’ 휴지조각된 루나…업비트·고팍스 상폐 결정,https://n.news.naver.com/mnews/article/005/0001525868
2022.05.13. 오후 7:29,‘비하 발언 논란’ 김성회 자진사퇴…尹정부 비서관급 첫 낙마,https://n.news.naver.com/mnews/article/020/0003428342
2022.05.13. 오후 11:15,머스크 “트위터 인수 잠시 보류…가짜 계정 비율 확인 중”,https://n.news.naver.com/mnews/article/032/0003146754
2022.05.13. 오후 5:58,뺨 내려치고 발길질한 10대들…경찰에 “생일빵” 해명,https://n.news.naver.com/mnews/article/005/0001525867
2022.05.13. 오후 7:29,‘비하 발언 논란’ 김성회 자진사퇴…尹정부 비서관급 첫 낙마,https://n.news.naver.com/mnews/article/020/0003428342
2022.05.13. 오후 11:09,추경안 자료가 ‘한 짐’[포토뉴스],https://n.news.naver.com/mnews/article/032/0003146753
2022.05.13. 오후 6:49,"셀트리온제약, 1분기 영업이익 19.5%↓… 대면 마케팅 강화 영향",https://n.news.naver.com/mnews/article/020/0003428341
2022.05.13. 오후 5:58,뺨 내려치고 발길질한 10대들…경찰에 “생일빵” 해명,https://n.news.naver.com/mnews/article/005/0001525867
2022.05.13. 오후 6:49,"셀트리온제약, 1분기 영업이익 19.5%↓… 대면 마케팅 강화 영향",https://n.news.naver.com/mnews/article/020/0003428341
2022.05.13. 오후 11:09,추경안 자료가 ‘한 짐’[포토뉴스],https://n.news.naver.com/mnews/article/032/0003146753
2022.05.13. 오후 5:57,[속보] ‘혐오발언’ 논란 김성회 비서관 자진 사퇴,https://n.news.naver.com/mnews/article/005/0001525866
2022.05.13. 오후 6:34,"尹대통령, 권영세·박보균·원희룡 장관 임명",https://n.news.naver.com/mnews/article/020/0003428340
2022.05.13. 오후 12:21,이창양 “원전 + 신재생 전원믹스로 에너지 안정 수급”,https://n.news.naver.com/mnews/article/021/0002513563
2022.05.13. 오후 5:57,[속보] ‘혐오발언’ 논란 김성회 비서관 자진 사퇴,https://n.news.naver.com/mnews/article/005/0001525866
2022.05.13. 오후 6:34,"尹대통령, 권영세·박보균·원희룡 장관 임명",https://n.news.naver.com/mnews/article/020/0003428340
2022.05.13. 오후 5:57,"김성회 종교다문화비서관 자진사퇴, 비서관급 첫 낙마",https://n.news.naver.com/mnews/article/005/0001525865
2022.05.13. 오후 12:21,이창양 “원전 + 신재생 전원믹스로 에너지 안정 수급”,https://n.news.naver.com/mnews/article/021/0002513563
2022.05.13. 오후 5:57,"김성회 종교다문화비서관 자진사퇴, 비서관급 첫 낙마",https://n.news.naver.com/mnews/article/005/0001525865
2022.05.13. 오후 6:27,"윤재순 비서관, 檢재직때 성비위로 2차례 징계성 처분",https://n.news.naver.com/mnews/article/020/0003428339
2022.05.13. 오후 12:21,"한수원, 中企 수출 개척 도와… UAE 행사서 부스 운영 지원",https://n.news.naver.com/mnews/article/021/0002513562
2022.05.13. 오후 5:48,"차유람 남편 “아내, 순수하게 나라 생각해 국힘 입당”",https://n.news.naver.com/mnews/article/005/0001525864
2022.05.13. 오후 12:16,잔인한 증시에도 개미들은 ‘바닥론’ 베팅… 다시 ‘빚투’ 조짐,https://n.news.naver.com/mnews/article/021/0002513561
2022.05.13. 오후 6:27,"윤재순 비서관, 檢재직때 성비위로 2차례 징계성 처분",https://n.news.naver.com/mnews/article/020/0003428339
2022.05.13. 오후 5:48,"차유람 남편 “아내, 순수하게 나라 생각해 국힘 입당”",https://n.news.naver.com/mnews/article/005/0001525864
2022.05.13. 오후 10:36,너와 네가 보는 별자리는 다를지라도[책과 삶],https://n.news.naver.com/mnews/article/032/0003146745
2022.05.13. 오후 6:20,"尹, 北요청땐 백신 지원 방침…北은 코로나 비상에도 도발 행보",https://n.news.naver.com/mnews/article/020/0003428338
2022.05.13. 오후 12:16,잔인한 증시에도 개미들은 ‘바닥론’ 베팅… 다시 ‘빚투’ 조짐,https://n.news.naver.com/mnews/article/021/0002513561
2022.05.13. 오후 5:45,박지원 “북에 빨리 백신 지원해야”…코백스 경유 제안,https://n.news.naver.com/mnews/article/005/0001525863
2022.05.13. 오후 10:36,너와 네가 보는 별자리는 다를지라도[책과 삶],https://n.news.naver.com/mnews/article/032/0003146745
2022.05.13. 오후 6:20,"尹, 北요청땐 백신 지원 방침…北은 코로나 비상에도 도발 행보",https://n.news.naver.com/mnews/article/020/0003428338
2022.05.13. 오후 12:16,“충청지역 신산업 성장에도 수도권 의존도 여전히 높아”,https://n.news.naver.com/mnews/article/021/0002513560
2022.05.13. 오후 5:45,박지원 “북에 빨리 백신 지원해야”…코백스 경유 제안,https://n.news.naver.com/mnews/article/005/0001525863
2022.05.13. 오후 10:36,"죽음으로부터의 질주 “나, 날아갈래”[책과 삶]",https://n.news.naver.com/mnews/article/032/0003146744
2022.05.13. 오후 12:16,"尹정부, 주식 양도세 폐지·공매도 규제 강화하지만 효과는 ‘미지수’",https://n.news.naver.com/mnews/article/021/0002513559
2022.05.13. 오후 6:14,"이노공, 중앙지검 첫 여성차장서 법무부 첫 여성차관으로…尹과 ‘카풀’ 인연",https://n.news.naver.com/mnews/article/020/0003428337
2022.05.13. 오후 5:39,"‘스승의 날’ 앞둔 교사들…“형식적 기념일, 안 반가워”",https://n.news.naver.com/mnews/article/005/0001525862
2022.05.13. 오후 10:36,"죽음으로부터의 질주 “나, 날아갈래”[책과 삶]",https://n.news.naver.com/mnews/article/032/0003146744
2022.05.13. 오후 12:16,"尹정부, 주식 양도세 폐지·공매도 규제 강화하지만 효과는 ‘미지수’",https://n.news.naver.com/mnews/article/021/0002513559
2022.05.13. 오후 6:14,"이노공, 중앙지검 첫 여성차장서 법무부 첫 여성차관으로…尹과 ‘카풀’ 인연",https://n.news.naver.com/mnews/article/020/0003428337
2022.05.13. 오후 5:39,"‘스승의 날’ 앞둔 교사들…“형식적 기념일, 안 반가워”",https://n.news.naver.com/mnews/article/005/0001525862
2022.05.13. 오후 10:36,게으른 식물은 없다 外[새책],https://n.news.naver.com/mnews/article/032/0003146743
2022.05.13. 오후 12:16,작년 항공 이용객 10년來 최저… 코로나前보다 70.5% ↓,https://n.news.naver.com/mnews/article/021/0002513558
2022.05.13. 오후 6:08,"한국타이어, 초고성능 ‘벤투스 슈퍼 스포츠’ 3종 출시",https://n.news.naver.com/mnews/article/020/0003428336
2022.05.13. 오후 5:31,오늘의 날씨 - 오후 (2022년 05월 13일),https://n.news.naver.com/mnews/article/005/0001525861
2022.05.13. 오후 10:36,게으른 식물은 없다 外[새책],https://n.news.naver.com/mnews/article/032/0003146743
2022.05.13. 오후 12:06,입국전 PCR 검사에 신속항원검사도 인정,https://n.news.naver.com/mnews/article/021/0002513557
2022.05.13. 오후 6:08,"한국타이어, 초고성능 ‘벤투스 슈퍼 스포츠’ 3종 출시",https://n.news.naver.com/mnews/article/020/0003428336
2022.05.13. 오후 5:31,오늘의 날씨 - 오후 (2022년 05월 13일),https://n.news.naver.com/mnews/article/005/0001525861
2022.05.13. 오후 11:04,"[사설] 고물가에 고환율까지, 한·미 통화스와프 재가동해야",https://n.news.naver.com/mnews/article/022/0003695505
2022.05.13. 오후 10:29,‘고무 밑창 운동화’를 넘어 문화가 된 스니커즈…새 역사의 시작은 마이클 조던[이미지로 여는 책],https://n.news.naver.com/mnews/article/032/0003146742
2022.05.13. 오후 6:02,"반도건설, 부산항 북항 1단계 재개발 친수공원 조성",https://n.news.naver.com/mnews/article/020/0003428335
2022.05.13. 오후 5:29,이번엔 ‘삼성역 취객’…밭다리 걸고 날아차기 [영상],https://n.news.naver.com/mnews/article/005/0001525860
2022.05.13. 오후 11:04,"[사설] 고물가에 고환율까지, 한·미 통화스와프 재가동해야",https://n.news.naver.com/mnews/article/022/0003695505
2022.05.13. 오후 10:29,‘고무 밑창 운동화’를 넘어 문화가 된 스니커즈…새 역사의 시작은 마이클 조던[이미지로 여는 책],https://n.news.naver.com/mnews/article/032/0003146742
2022.05.13. 오후 6:02,"반도건설, 부산항 북항 1단계 재개발 친수공원 조성",https://n.news.naver.com/mnews/article/020/0003428335
2022.05.13. 오후 5:29,이번엔 ‘삼성역 취객’…밭다리 걸고 날아차기 [영상],https://n.news.naver.com/mnews/article/005/0001525860
2022.05.13. 오후 11:03,[설왕설래] 스승의 날,https://n.news.naver.com/mnews/article/022/0003695504
2022.05.13. 오후 6:00,"“스승의 날, 학생들이 돈 모아 선물 드리는 것도 안돼요”",https://n.news.naver.com/mnews/article/020/0003428334
2022.05.13. 오후 5:14,강용석 “尹이 전화”에…노태악 “사실 맞다면 문제제기 가능”,https://n.news.naver.com/mnews/article/005/0001525859
2022.05.13. 오후 10:28,두 얼굴의 프랑스 혁명…예찬론자를 향한 경종[책과 삶],https://n.news.naver.com/mnews/article/032/0003146741
2022.05.13. 오후 11:03,[설왕설래] 스승의 날,https://n.news.naver.com/mnews/article/022/0003695504
2022.05.13. 오후 6:00,"“스승의 날, 학생들이 돈 모아 선물 드리는 것도 안돼요”",https://n.news.naver.com/mnews/article/020/0003428334
2022.05.13. 오후 5:14,강용석 “尹이 전화”에…노태악 “사실 맞다면 문제제기 가능”,https://n.news.naver.com/mnews/article/005/0001525859
2022.05.13. 오후 10:28,두 얼굴의 프랑스 혁명…예찬론자를 향한 경종[책과 삶],https://n.news.naver.com/mnews/article/032/0003146741
2022.05.13. 오후 11:02,[기자가만난세상] 운동하는 여성 더 많아지길,https://n.news.naver.com/mnews/article/022/0003695503
2022.05.13. 오후 5:59,김성회 대통령실 종교다문화비서관 자진 사퇴,https://n.news.naver.com/mnews/article/020/0003428333
2022.05.13. 오후 5:12,"중국 “북한과 코로나 방역 상호 지원, 협력 강화”",https://n.news.naver.com/mnews/article/005/0001525858
2022.05.13. 오후 10:28,도서 전쟁 外[새책],https://n.news.naver.com/mnews/article/032/0003146740
2022.05.13. 오후 11:02,[기자가만난세상] 운동하는 여성 더 많아지길,https://n.news.naver.com/mnews/article/022/0003695503
2022.05.13. 오후 5:59,김성회 대통령실 종교다문화비서관 자진 사퇴,https://n.news.naver.com/mnews/article/020/0003428333
2022.05.13. 오후 5:12,"중국 “북한과 코로나 방역 상호 지원, 협력 강화”",https://n.news.naver.com/mnews/article/005/0001525858
2022.05.13. 오후 10:28,도서 전쟁 外[새책],https://n.news.naver.com/mnews/article/032/0003146740
2022.05.13. 오후 11:02,시·도지사 경쟁률 2.9대1… 교육감 3.1대1,https://n.news.naver.com/mnews/article/022/0003695502
2022.05.13. 오후 5:59,"[포토]농협경제지주-중앙급식관리지원센터, 안전먹거리 공급체계 구축 협력",https://n.news.naver.com/mnews/article/020/0003428332
2022.05.13. 오후 10:24,"에스파, 美타임 선정 ‘넥스트 제너레이션 리더스’… 韓걸그룹 최초",https://n.news.naver.com/mnews/article/020/0003428351
2022.05.13. 오후 11:02,시·도지사 경쟁률 2.9대1… 교육감 3.1대1,https://n.news.naver.com/mnews/article/022/0003695502
2022.05.13. 오후 10:28,"‘n번방’ 재판 방청석에서 보았다, 수많은 피해자가 죽음을 선택한 이유를[책과 삶]",https://n.news.naver.com/mnews/article/032/0003146739
2022.05.13. 오후 5:59,"[포토]농협경제지주-중앙급식관리지원센터, 안전먹거리 공급체계 구축 협력",https://n.news.naver.com/mnews/article/020/0003428332
2022.05.13. 오후 10:24,"에스파, 美타임 선정 ‘넥스트 제너레이션 리더스’… 韓걸그룹 최초",https://n.news.naver.com/mnews/article/020/0003428351
2022.05.13. 오후 11:01,[장석주의인문정원] 오늘도 ‘하루’라는 편지를 받았다,https://n.news.naver.com/mnews/article/022/0003695501
2022.05.13. 오후 10:28,"‘n번방’ 재판 방청석에서 보았다, 수많은 피해자가 죽음을 선택한 이유를[책과 삶]",https://n.news.naver.com/mnews/article/032/0003146739
2022.05.13. 오후 9:11,러시아군이 흘린 문건에 푸틴의 최종 목표가...“우크라 완전 점령”,https://n.news.naver.com/mnews/article/021/0002513576
2022.05.13. 오후 11:01,[장석주의인문정원] 오늘도 ‘하루’라는 편지를 받았다,https://n.news.naver.com/mnews/article/022/0003695501
2022.05.13. 오후 10:19,한발 앞서 전쟁의 문을 닫고 또 열었던…혜안의 아테네 전략가[윤비의 칼과 펜](2),https://n.news.naver.com/mnews/article/032/0003146736
2022.05.13. 오후 10:01,"셰이크 할리파 UAE 대통령, 13일 지병으로 별세…향년 73세",https://n.news.naver.com/mnews/article/020/0003428350
2022.05.13. 오후 9:11,"HMM 1분기 최대 실적, 분기 영업익 첫 3조 돌파 ‘기염’",https://n.news.naver.com/mnews/article/021/0002513575
2022.05.13. 오후 10:59,[박일호의미술여행] 대자연 앞에서 배우는 인간의 한계,https://n.news.naver.com/mnews/article/022/0003695500
2022.05.13. 오후 10:19,한발 앞서 전쟁의 문을 닫고 또 열었던…혜안의 아테네 전략가[윤비의 칼과 펜](2),https://n.news.naver.com/mnews/article/032/0003146736
2022.05.13. 오후 10:01,"셰이크 할리파 UAE 대통령, 13일 지병으로 별세…향년 73세",https://n.news.naver.com/mnews/article/020/0003428350
2022.05.13. 오후 9:11,"HMM 1분기 최대 실적, 분기 영업익 첫 3조 돌파 ‘기염’",https://n.news.naver.com/mnews/article/021/0002513575
2022.05.13. 오후 10:59,[박일호의미술여행] 대자연 앞에서 배우는 인간의 한계,https://n.news.naver.com/mnews/article/022/0003695500
2022.05.13. 오후 10:15,광역단체장 지방선거 잠정 경쟁률 3.2 대 1···여성후보 18%,https://n.news.naver.com/mnews/article/032/0003146735
2022.05.13. 오후 9:48,확산 진원지는 열병식?…정부 “北코로나 상황 생각보다 심각”,https://n.news.naver.com/mnews/article/020/0003428349
2022.05.13. 오후 9:06,보청기 끼고 휠체어 타는 바비인형 나온다,https://n.news.naver.com/mnews/article/021/0002513574
2022.05.13. 오후 10:58,[삶과문화] 추앙한다는 것,https://n.news.naver.com/mnews/article/022/0003695499
2022.05.13. 오후 10:15,광역단체장 지방선거 잠정 경쟁률 3.2 대 1···여성후보 18%,https://n.news.naver.com/mnews/article/032/0003146735
2022.05.13. 오후 9:48,확산 진원지는 열병식?…정부 “北코로나 상황 생각보다 심각”,https://n.news.naver.com/mnews/article/020/0003428349
2022.05.13. 오후 9:06,보청기 끼고 휠체어 타는 바비인형 나온다,https://n.news.naver.com/mnews/article/021/0002513574
2022.05.13. 오후 10:58,[삶과문화] 추앙한다는 것,https://n.news.naver.com/mnews/article/022/0003695499
2022.05.13. 오후 9:40,오늘의 부고 - 2022년 5월 14일,https://n.news.naver.com/mnews/article/032/0003146734
2022.05.13. 오후 9:48,"셰이크 할리파 UAE 대통령, 지병으로 별세…향년 73세",https://n.news.naver.com/mnews/article/020/0003428348
2022.05.13. 오후 7:56,"尹, 장관 3명 추가임명...한동훈 임명강행 워밍업?",https://n.news.naver.com/mnews/article/021/0002513573
2022.05.13. 오후 11:19,"이준석 “이재명 출마, 인천 발전에는 최악의 카드”",https://n.news.naver.com/mnews/article/005/0001525877
2022.05.13. 오후 10:56,[김미월의쉼표] 듣기 싫은 소음 대신…,https://n.news.naver.com/mnews/article/022/0003695498
2022.05.13. 오후 9:21,"尹, 정호영 임명 미룬 이유는… 한동훈은 임명 강행할 듯",https://n.news.naver.com/mnews/article/020/0003428347
2022.05.13. 오후 7:56,"尹, 장관 3명 추가임명...한동훈 임명강행 워밍업?",https://n.news.naver.com/mnews/article/021/0002513573
2022.05.13. 오후 10:56,[김미월의쉼표] 듣기 싫은 소음 대신…,https://n.news.naver.com/mnews/article/022/0003695498
2022.05.13. 오후 11:19,"이준석 “이재명 출마, 인천 발전에는 최악의 카드”",https://n.news.naver.com/mnews/article/005/0001525877
2022.05.13. 오후 7:36,‘혐오 발언’ 논란 김성회 사퇴… 尹정부 요직인사 두 번째,https://n.news.naver.com/mnews/article/021/0002513572
2022.05.13. 오후 9:21,"尹, 정호영 임명 미룬 이유는… 한동훈은 임명 강행할 듯",https://n.news.naver.com/mnews/article/020/0003428347
2022.05.13. 오후 10:44,"尹, 취임 후 첫 대통령실 기자실 방문",https://n.news.naver.com/mnews/article/022/0003695497
2022.05.13. 오후 10:01,"머스크, 트위터 인수 “잠정 보류”…가짜 구독자가 문제",https://n.news.naver.com/mnews/article/005/0001525876
2022.05.13. 오후 9:03,택시비 실랑이로…택시기사에 엎어치기·날아차기한 여성,https://n.news.naver.com/mnews/article/020/0003428346
2022.05.13. 오후 7:36,‘혐오 발언’ 논란 김성회 사퇴… 尹정부 요직인사 두 번째,https://n.news.naver.com/mnews/article/021/0002513572
2022.05.13. 오후 10:44,"尹, 취임 후 첫 대통령실 기자실 방문",https://n.news.naver.com/mnews/article/022/0003695497
2022.05.13. 오후 10:01,"머스크, 트위터 인수 “잠정 보류”…가짜 구독자가 문제",https://n.news.naver.com/mnews/article/005/0001525876
2022.05.13. 오후 4:11,"尹대통령, 내주 한동훈 임명 강행할 듯…국회에 보고서 재송부 요청",https://n.news.naver.com/mnews/article/021/0002513571
2022.05.13. 오후 9:03,택시비 실랑이로…택시기사에 엎어치기·날아차기한 여성,https://n.news.naver.com/mnews/article/020/0003428346
2022.05.13. 오후 10:02,美 ‘분유 대란’에 애타는 부모들… ‘인공 모유’ 대안 될까 [이슈+],https://n.news.naver.com/mnews/article/022/0003695496
2022.05.13. 오후 4:11,"尹대통령, 내주 한동훈 임명 강행할 듯…국회에 보고서 재송부 요청",https://n.news.naver.com/mnews/article/021/0002513571
2022.05.13. 오후 8:12,"‘루나’ ‘테라’ 폭락, 폰지사기 의혹까지…‘한국판 머스크’로 불렸던 권도형은 누구",https://n.news.naver.com/mnews/article/020/0003428345
2022.05.13. 오후 10:02,美 ‘분유 대란’에 애타는 부모들… ‘인공 모유’ 대안 될까 [이슈+],https://n.news.naver.com/mnews/article/022/0003695496
2022.05.13. 오후 2:06,"대명에너지, 16일 코스닥 신규 상장",https://n.news.naver.com/mnews/article/021/0002513570
2022.05.13. 오후 8:12,"‘루나’ ‘테라’ 폭락, 폰지사기 의혹까지…‘한국판 머스크’로 불렸던 권도형은 누구",https://n.news.naver.com/mnews/article/020/0003428345
2022.05.13. 오후 10:02,대폭락 K코인… ‘루나’ 결국 상장폐지,https://n.news.naver.com/mnews/article/022/0003695495
2022.05.13. 오후 8:02,‘루나’ 대표 집 찾아간 남성 자수 “풀매수한 20억 날려” 주장,https://n.news.naver.com/mnews/article/020/0003428344
2022.05.13. 오후 10:02,대폭락 K코인… ‘루나’ 결국 상장폐지,https://n.news.naver.com/mnews/article/022/0003695495
2022.05.13. 오후 8:02,‘루나’ 대표 집 찾아간 남성 자수 “풀매수한 20억 날려” 주장,https://n.news.naver.com/mnews/article/020/0003428344
2022.05.13. 오후 10:02,이준석 “이재명 계양을 출마 명분 없다. 민주당 최악의 카드”,https://n.news.naver.com/mnews/article/022/0003695494
2022.05.13. 오후 7:51,"尹, 권영세-박보균-원희룡 임명… 정호영 임명은 또 미뤄",https://n.news.naver.com/mnews/article/020/0003428343
2022.05.13. 오후 2:06,경북지사 선거 막 올라…이철우-임미애 후보 ‘맞대결’,https://n.news.naver.com/mnews/article/021/0002513568
2022.05.13. 오후 8:25,셰이크 할리파 UAE 대통령 지병으로 별세…향년 73세,https://n.news.naver.com/mnews/article/005/0001525873
2022.05.13. 오후 10:02,이준석 “이재명 계양을 출마 명분 없다. 민주당 최악의 카드”,https://n.news.naver.com/mnews/article/022/0003695494
2022.05.13. 오후 7:51,"尹, 권영세-박보균-원희룡 임명… 정호영 임명은 또 미뤄",https://n.news.naver.com/mnews/article/020/0003428343
2022.05.13. 오후 8:25,셰이크 할리파 UAE 대통령 지병으로 별세…향년 73세,https://n.news.naver.com/mnews/article/005/0001525873
2022.05.13. 오후 10:02,민주당 “北 미사일 도발 때 尹대통령 찾아보기 어려웠다”,https://n.news.naver.com/mnews/article/022/0003695493
2022.05.13. 오후 2:01,"탄소통상자문단 “기후변화, 국가보다 국제기구 중심으로 논의돼야”",https://n.news.naver.com/mnews/article/021/0002513567
2022.05.13. 오후 9:26,[파고다 강남 1타토익 RC김나래] PART 5,https://n.news.naver.com/mnews/article/022/0003695488
2022.05.13. 오후 7:23,"이준석, 尹대통령 찾아가 “정호영 임명여부 ‘빠른결정’ 당부”",https://n.news.naver.com/mnews/article/005/0001525872
2022.05.13. 오후 10:02,민주당 “北 미사일 도발 때 尹대통령 찾아보기 어려웠다”,https://n.news.naver.com/mnews/article/022/0003695493
2022.05.13. 오후 2:01,"KCC오토, KLPGA 투어 홀인원 상품에 ‘E-Class’ 협찬",https://n.news.naver.com/mnews/article/021/0002513566
2022.05.13. 오후 9:26,[파고다 강남 1타토익 RC김나래] PART 5,https://n.news.naver.com/mnews/article/022/0003695488
2022.05.13. 오후 7:23,"이준석, 尹대통령 찾아가 “정호영 임명여부 ‘빠른결정’ 당부”",https://n.news.naver.com/mnews/article/005/0001525872
2022.05.13. 오후 2:01,"KCC오토, KLPGA 투어 홀인원 상품에 ‘E-Class’ 협찬",https://n.news.naver.com/mnews/article/021/0002513566
2022.05.13. 오후 8:39,마스크 벗었다… 기지개 켜는 와인페어 [최현태 기자의 와인홀릭],https://n.news.naver.com/mnews/article/022/0003695487
2022.05.13. 오후 6:52,"尹대통령, 권영세·박보균·원희룡 장관 임명",https://n.news.naver.com/mnews/article/005/0001525871
2022.05.13. 오후 8:39,마스크 벗었다… 기지개 켜는 와인페어 [최현태 기자의 와인홀릭],https://n.news.naver.com/mnews/article/022/0003695487
2022.05.13. 오후 11:11,"푸틴, 獨 총리와 75분 통화…""우크라 나치가 반인도적 행위"" 주장",https://n.news.naver.com/mnews/article/025/0003194728
2022.05.13. 오후 8:32,“성적 만족 위해”… 길가는 여성 다리에 잉크 뿌린 40대 집행유예,https://n.news.naver.com/mnews/article/022/0003695486
2022.05.13. 오후 11:11,"푸틴, 獨 총리와 75분 통화…""우크라 나치가 반인도적 행위"" 주장",https://n.news.naver.com/mnews/article/025/0003194728
2022.05.13. 오후 9:30,셰이크 할리파 UAE 아부다비 대통령 지병으로 별세,https://n.news.naver.com/mnews/article/022/0003695491
2022.05.13. 오후 8:32,“성적 만족 위해”… 길가는 여성 다리에 잉크 뿌린 40대 집행유예,https://n.news.naver.com/mnews/article/022/0003695486
2022.05.13. 오후 12:21,국제유가 하락에 4월 수입물가지수 0.9% 떨어졌지만…,https://n.news.naver.com/mnews/article/021/0002513564
2022.05.13. 오후 10:59,통화 중인 민간인 총 쏴 살해한 러시아 군인…첫 전범재판 열려,https://n.news.naver.com/mnews/article/025/0003194727
2022.05.13. 오후 9:30,셰이크 할리파 UAE 아부다비 대통령 지병으로 별세,https://n.news.naver.com/mnews/article/022/0003695491
2022.05.13. 오후 11:06,"오세훈 “TBS, 교육방송으로 전환 구상” 송영길 “예산 낭비, 황당 발상”",https://n.news.naver.com/mnews/article/023/0003691295
2022.05.13. 오후 12:21,국제유가 하락에 4월 수입물가지수 0.9% 떨어졌지만…,https://n.news.naver.com/mnews/article/021/0002513564
2022.05.13. 오후 10:59,통화 중인 민간인 총 쏴 살해한 러시아 군인…첫 전범재판 열려,https://n.news.naver.com/mnews/article/025/0003194727
2022.05.13. 오후 9:27,[시사중국어학원의 리얼 중국어 회화] 뻔한 결말,https://n.news.naver.com/mnews/article/022/0003695490
2022.05.13. 오후 11:06,"오세훈 “TBS, 교육방송으로 전환 구상” 송영길 “예산 낭비, 황당 발상”",https://n.news.naver.com/mnews/article/023/0003691295
2022.05.13. 오후 9:31,‘미스터 소수의견’ 김이수 “앞으로도 공익 활동하면서 살겠다”,https://n.news.naver.com/mnews/article/028/0002590569
2022.05.13. 오후 10:38,"文 사저 가림막 하루만에 철거 ""자연스러운 모습 숨길 이유 없어""",https://n.news.naver.com/mnews/article/025/0003194726
2022.05.13. 오후 9:27,[시사중국어학원의 리얼 중국어 회화] 뻔한 결말,https://n.news.naver.com/mnews/article/022/0003695490
2022.05.13. 오후 10:48,선관위원장 후보 “조직 명운 걸고 신뢰 회복할 것”,https://n.news.naver.com/mnews/article/023/0003691294
2022.05.13. 오후 8:55,성폭력 사건 부끄러운데…민주당 일부 ‘2차 가해’ 반복,https://n.news.naver.com/mnews/article/028/0002590568
2022.05.13. 오후 10:38,"文 사저 가림막 하루만에 철거 ""자연스러운 모습 숨길 이유 없어""",https://n.news.naver.com/mnews/article/025/0003194726
2022.05.13. 오후 9:27,[시사일본어학원의 초단기 일본어 회화] 휘갈겨 썼어,https://n.news.naver.com/mnews/article/022/0003695489
2022.05.13. 오후 10:48,선관위원장 후보 “조직 명운 걸고 신뢰 회복할 것”,https://n.news.naver.com/mnews/article/023/0003691294
2022.05.13. 오후 8:55,성폭력 사건 부끄러운데…민주당 일부 ‘2차 가해’ 반복,https://n.news.naver.com/mnews/article/028/0002590568
2022.05.13. 오후 9:27,[시사일본어학원의 초단기 일본어 회화] 휘갈겨 썼어,https://n.news.naver.com/mnews/article/022/0003695489
2022.05.13. 오후 7:35,"법원, 정규직 전환 탈락한 인국공 소방대원 ‘부당해고’ 인정",https://n.news.naver.com/mnews/article/028/0002590567
2022.05.13. 오후 10:44,"“나토는 조조, 러시아는 손권” 삼국지에 우크라戰 빗댄 中소녀",https://n.news.naver.com/mnews/article/023/0003691293
2022.05.13. 오후 10:23,"박진, 美 블링컨에 ""'중추국가'로서 한국 역할 확대"" 제안",https://n.news.naver.com/mnews/article/469/0000674896
2022.05.13. 오후 7:35,"법원, 정규직 전환 탈락한 인국공 소방대원 ‘부당해고’ 인정",https://n.news.naver.com/mnews/article/028/0002590567
2022.05.13. 오후 10:44,"“나토는 조조, 러시아는 손권” 삼국지에 우크라戰 빗댄 中소녀",https://n.news.naver.com/mnews/article/023/0003691293
2022.05.13. 오후 10:16,어두운 곳에서 스마트폰 보면 녹내장 위험,https://n.news.naver.com/mnews/article/469/0000674895
2022.05.13. 오후 7:35,윤 대통령 만난 이준석 “야당과 같이 가야”,https://n.news.naver.com/mnews/article/028/0002590566
2022.05.13. 오후 10:03,"""조주빈, 164→170㎝ 키 수술 사실…부친 치료비까지 갖다썼다""",https://n.news.naver.com/mnews/article/025/0003194724
2022.05.13. 오후 10:19,신속항원 검사만 해도 국내 입국 가능,https://n.news.naver.com/mnews/article/023/0003691292
2022.05.13. 오후 10:16,어두운 곳에서 스마트폰 보면 녹내장 위험,https://n.news.naver.com/mnews/article/469/0000674895
2022.05.13. 오후 7:35,윤 대통령 만난 이준석 “야당과 같이 가야”,https://n.news.naver.com/mnews/article/028/0002590566
2022.05.13. 오후 10:03,"""조주빈, 164→170㎝ 키 수술 사실…부친 치료비까지 갖다썼다""",https://n.news.naver.com/mnews/article/025/0003194724
2022.05.13. 오후 10:19,신속항원 검사만 해도 국내 입국 가능,https://n.news.naver.com/mnews/article/023/0003691292
2022.05.13. 오후 10:01,번아웃이 왔다면 딴짓을 해보자 [삶과 문화],https://n.news.naver.com/mnews/article/469/0000674894
2022.05.13. 오후 9:55,"[알려왔습니다] ‘윤미향 제명 '4분회의', '검수완박'만 몰두...민주당 6월 안두렵나 [뉴스원샷]’ 관련",https://n.news.naver.com/mnews/article/025/0003194723
2022.05.13. 오후 10:15,“재판이 개판” 욕설에 바로 형량 2년 올린 판결... 대법 “위법”,https://n.news.naver.com/mnews/article/023/0003691291
2022.05.13. 오후 10:01,번아웃이 왔다면 딴짓을 해보자 [삶과 문화],https://n.news.naver.com/mnews/article/469/0000674894
2022.05.13. 오후 10:13,"尹대통령, 16일 국회 시정연설 뒤 3당 대표 회동 추진",https://n.news.naver.com/mnews/article/023/0003691290
2022.05.13. 오후 10:00,"""20년 전 25명 불과했던 크론병 환자 이젠 7만4,000명 넘어""",https://n.news.naver.com/mnews/article/469/0000674893
2022.05.13. 오후 10:00,"""20년 전 25명 불과했던 크론병 환자 이젠 7만4,000명 넘어""",https://n.news.naver.com/mnews/article/469/0000674893
2022.05.13. 오후 10:13,"尹대통령, 16일 국회 시정연설 뒤 3당 대표 회동 추진",https://n.news.naver.com/mnews/article/023/0003691290
2022.05.13. 오후 7:17,영부인의 허위 이력 논란 언제까지?,https://n.news.naver.com/mnews/article/028/0002590563
2022.05.13. 오후 10:10,보훈처장에 월남전 전사자 아들 박민식,https://n.news.naver.com/mnews/article/023/0003691289
2022.05.13. 오후 9:41,"머스크 ""트위터 인수 보류… 가짜계정 추산 근거 나올 때까지""",https://n.news.naver.com/mnews/article/469/0000674892
2022.05.13. 오후 7:17,영부인의 허위 이력 논란 언제까지?,https://n.news.naver.com/mnews/article/028/0002590563
2022.05.13. 오후 9:32,"""변기 뚫었더니 태반이""…화장실서 아기 낳고 살해한 친모",https://n.news.naver.com/mnews/article/025/0003194721
2022.05.13. 오후 10:10,보훈처장에 월남전 전사자 아들 박민식,https://n.news.naver.com/mnews/article/023/0003691289
2022.05.13. 오후 9:41,"머스크 ""트위터 인수 보류… 가짜계정 추산 근거 나올 때까지""",https://n.news.naver.com/mnews/article/469/0000674892
2022.05.13. 오후 7:09,"윤 대통령, 원희룡·박보균·권영세 임명…정호영은 또 보류",https://n.news.naver.com/mnews/article/028/0002590562
2022.05.13. 오후 9:32,"""변기 뚫었더니 태반이""…화장실서 아기 낳고 살해한 친모",https://n.news.naver.com/mnews/article/025/0003194721
2022.05.13. 오후 10:07,"러, 강 건너다 전멸... 우크라 공격에 탱크 70대·병력 1000명 잃었다",https://n.news.naver.com/mnews/article/023/0003691288
2022.05.13. 오후 7:09,"윤 대통령, 원희룡·박보균·권영세 임명…정호영은 또 보류",https://n.news.naver.com/mnews/article/028/0002590562
2022.05.13. 오후 9:01,尹정부의 기재부 사랑?...관세·조달·통계청장도 기재부 출신이 '싹쓸이',https://n.news.naver.com/mnews/article/469/0000674891
2022.05.13. 오후 9:30,"""나토·EU 모두 가입 불가""…우크라에 더 강경해진 러시아",https://n.news.naver.com/mnews/article/025/0003194720
2022.05.13. 오후 10:07,"러, 강 건너다 전멸... 우크라 공격에 탱크 70대·병력 1000명 잃었다",https://n.news.naver.com/mnews/article/023/0003691288
2022.05.13. 오후 7:01,"[단독] 연습용이라던 한동훈 딸 논문, ‘하버드 공모전’ 주제와 일치",https://n.news.naver.com/mnews/article/028/0002590561
2022.05.13. 오후 9:01,尹정부의 기재부 사랑?...관세·조달·통계청장도 기재부 출신이 '싹쓸이',https://n.news.naver.com/mnews/article/469/0000674891
2022.05.13. 오후 9:30,"""나토·EU 모두 가입 불가""…우크라에 더 강경해진 러시아",https://n.news.naver.com/mnews/article/025/0003194720
2022.05.13. 오후 7:01,"[단독] 연습용이라던 한동훈 딸 논문, ‘하버드 공모전’ 주제와 일치",https://n.news.naver.com/mnews/article/028/0002590561
2022.05.13. 오후 9:01,"한찬식 전 동부지검장 ""이성윤, 김학의 출금 사후 승인 부탁""",https://n.news.naver.com/mnews/article/469/0000674890
2022.05.13. 오후 10:01,머스크 “트위터 인수 보류... 가짜 계정 세부 내역 보겠다”,https://n.news.naver.com/mnews/article/023/0003691287
2022.05.13. 오후 8:37,"이준석 ""이재명 계양을 출마, 민주당이 내놓은 최악의 카드""",https://n.news.naver.com/mnews/article/025/0003194719
2022.05.13. 오후 6:37,[사설] 정부 ‘코로나 방역 지원’ 제안 구체화하고 북한은 받아들여야,https://n.news.naver.com/mnews/article/028/0002590560
2022.05.13. 오후 9:01,"한찬식 전 동부지검장 ""이성윤, 김학의 출금 사후 승인 부탁""",https://n.news.naver.com/mnews/article/469/0000674890
2022.05.13. 오후 10:01,머스크 “트위터 인수 보류... 가짜 계정 세부 내역 보겠다”,https://n.news.naver.com/mnews/article/023/0003691287
2022.05.13. 오후 8:37,"이준석 ""이재명 계양을 출마, 민주당이 내놓은 최악의 카드""",https://n.news.naver.com/mnews/article/025/0003194719
2022.05.13. 오후 6:37,[사설] 정부 ‘코로나 방역 지원’ 제안 구체화하고 북한은 받아들여야,https://n.news.naver.com/mnews/article/028/0002590560
2022.05.13. 오후 9:01,"北 일반 방사포에도 '9·19 위반' 공격했던 윤 대통령, NSC 왜 안 열었나",https://n.news.naver.com/mnews/article/469/0000674889
2022.05.13. 오후 10:00,막 나가는 탈레반 “부부도 따로 먹어라”,https://n.news.naver.com/mnews/article/023/0003691286
2022.05.13. 오후 9:01,"北 일반 방사포에도 '9·19 위반' 공격했던 윤 대통령, NSC 왜 안 열었나",https://n.news.naver.com/mnews/article/469/0000674889
2022.05.13. 오후 8:14,"UAE 국영통신 ""셰이크 할리파 대통령 지병으로 별세""",https://n.news.naver.com/mnews/article/025/0003194718
2022.05.13. 오후 6:23,"북한, 윤 대통령 “코로나 백신 지원” 제안에 응답할까?",https://n.news.naver.com/mnews/article/028/0002590559
2022.05.13. 오후 9:59,"韓·日 가기 전에... 바이든, 아세안 정상 초청해 ‘反中연대’ 결속",https://n.news.naver.com/mnews/article/023/0003691285
2022.05.13. 오후 8:14,"UAE 국영통신 ""셰이크 할리파 대통령 지병으로 별세""",https://n.news.naver.com/mnews/article/025/0003194718
2022.05.13. 오후 6:23,"북한, 윤 대통령 “코로나 백신 지원” 제안에 응답할까?",https://n.news.naver.com/mnews/article/028/0002590559
2022.05.13. 오후 9:59,"韓·日 가기 전에... 바이든, 아세안 정상 초청해 ‘反中연대’ 결속",https://n.news.naver.com/mnews/article/023/0003691285
2022.05.13. 오후 6:19,"[사설] 법제처장·보훈처장도 검찰 출신, ‘측근 인사’ 끝은 어디인가",https://n.news.naver.com/mnews/article/028/0002590558
2022.05.13. 오후 9:47,"北코로나 대란, 김정은 탓?... 수만명 불러 기념사진 57번 찍었다",https://n.news.naver.com/mnews/article/023/0003691284
2022.05.13. 오후 6:19,"[사설] 법제처장·보훈처장도 검찰 출신, ‘측근 인사’ 끝은 어디인가",https://n.news.naver.com/mnews/article/028/0002590558
2022.05.13. 오후 6:11,검찰 수사권 축소 앞두고…법무부·법제처 ‘윤 측근’ 전진배치,https://n.news.naver.com/mnews/article/028/0002590557
2022.05.13. 오후 9:47,"北코로나 대란, 김정은 탓?... 수만명 불러 기념사진 57번 찍었다",https://n.news.naver.com/mnews/article/023/0003691284
2022.05.13. 오후 8:46,셰이크 할리파 UAE 대통령 지병으로 별세…향년 73세,https://n.news.naver.com/mnews/article/469/0000674887
2022.05.13. 오후 8:00,"'내 아를 낳아도' 개그맨 김시덕의 고백 ""난 사생아였다""",https://n.news.naver.com/mnews/article/025/0003194716
2022.05.13. 오후 6:11,검찰 수사권 축소 앞두고…법무부·법제처 ‘윤 측근’ 전진배치,https://n.news.naver.com/mnews/article/028/0002590557
2022.05.13. 오후 8:46,셰이크 할리파 UAE 대통령 지병으로 별세…향년 73세,https://n.news.naver.com/mnews/article/469/0000674887
2022.05.13. 오후 8:00,"'내 아를 낳아도' 개그맨 김시덕의 고백 ""난 사생아였다""",https://n.news.naver.com/mnews/article/025/0003194716
2022.05.13. 오후 6:05,수세 몰린 민주 “성상납 의혹 이준석 징계하라” 역공,https://n.news.naver.com/mnews/article/028/0002590556
2022.05.13. 오후 8:41,"대러 제재의 역설… ""러시아 기록적 무역 흑자""",https://n.news.naver.com/mnews/article/469/0000674886
2022.05.13. 오후 7:31,"마약 취해 무차별 폭행·살인 40대 중국인 남성 구속…""도주 우려""",https://n.news.naver.com/mnews/article/025/0003194715
2022.05.13. 오후 6:05,수세 몰린 민주 “성상납 의혹 이준석 징계하라” 역공,https://n.news.naver.com/mnews/article/028/0002590556
2022.05.13. 오후 8:41,"대러 제재의 역설… ""러시아 기록적 무역 흑자""",https://n.news.naver.com/mnews/article/469/0000674886
2022.05.13. 오후 7:59,일하지도 않은 중개인에게 억대 수수료 준 부동산업체 임원에 실형,https://n.news.naver.com/mnews/article/023/0003691282
2022.05.13. 오후 6:03,김성회 비서관 결국 사퇴…윤석열 정부 검증 기능 ‘구멍’,https://n.news.naver.com/mnews/article/028/0002590555
2022.05.13. 오후 7:31,"마약 취해 무차별 폭행·살인 40대 중국인 남성 구속…""도주 우려""",https://n.news.naver.com/mnews/article/025/0003194715
2022.05.13. 오후 7:59,일하지도 않은 중개인에게 억대 수수료 준 부동산업체 임원에 실형,https://n.news.naver.com/mnews/article/023/0003691282
2022.05.13. 오후 6:03,김성회 비서관 결국 사퇴…윤석열 정부 검증 기능 ‘구멍’,https://n.news.naver.com/mnews/article/028/0002590555
2022.05.13. 오후 7:15,"병원 치료 중 달아난 50대 사기 피고인, 2개월 만에 검거",https://n.news.naver.com/mnews/article/025/0003194714
2022.05.13. 오후 5:51,‘페북 망언’ 김성회 사퇴…윤석열 대통령실 SNS는 프리패스?,https://n.news.naver.com/mnews/article/028/0002590554
2022.05.13. 오후 7:48,UAE 대통령 73세로 별세... 이복동생이 승계할까,https://n.news.naver.com/mnews/article/023/0003691281
2022.05.13. 오후 7:15,"병원 치료 중 달아난 50대 사기 피고인, 2개월 만에 검거",https://n.news.naver.com/mnews/article/025/0003194714
2022.05.13. 오후 7:48,UAE 대통령 73세로 별세... 이복동생이 승계할까,https://n.news.naver.com/mnews/article/023/0003691281
2022.05.13. 오후 5:51,‘페북 망언’ 김성회 사퇴…윤석열 대통령실 SNS는 프리패스?,https://n.news.naver.com/mnews/article/028/0002590554
2022.05.13. 오후 8:32,"선관위 예비서열 1, 2위, 윤 대통령 지방선거 개입 논란에 ""자제했어야""",https://n.news.naver.com/mnews/article/469/0000674884
2022.05.13. 오후 7:12,갓 쓰고 英 여왕 만난 외교관...尹 정부 첫 한반도본부장에 김건,https://n.news.naver.com/mnews/article/025/0003194713
2022.05.13. 오후 6:46,"尹대통령, 권영세·박보균·원희룡 임명…4개부처 장관 남았다",https://n.news.naver.com/mnews/article/023/0003691280
2022.05.13. 오후 5:47,강용석 “윤 당선자가 전화해 ‘김은혜 말고 김동연과 싸우라’ 했다”,https://n.news.naver.com/mnews/article/028/0002590553
2022.05.13. 오후 8:32,"선관위 예비서열 1, 2위, 윤 대통령 지방선거 개입 논란에 ""자제했어야""",https://n.news.naver.com/mnews/article/469/0000674884
2022.05.13. 오후 7:12,갓 쓰고 英 여왕 만난 외교관...尹 정부 첫 한반도본부장에 김건,https://n.news.naver.com/mnews/article/025/0003194713
2022.05.13. 오후 6:46,"尹대통령, 권영세·박보균·원희룡 임명…4개부처 장관 남았다",https://n.news.naver.com/mnews/article/023/0003691280
2022.05.13. 오후 5:47,강용석 “윤 당선자가 전화해 ‘김은혜 말고 김동연과 싸우라’ 했다”,https://n.news.naver.com/mnews/article/028/0002590553
2022.05.13. 오후 7:12,"박지원 ""이틀전 사표 내래서 냈다""…尹, 국정원장 사표 수리",https://n.news.naver.com/mnews/article/025/0003194712
2022.05.13. 오후 8:31,5·18 기소유예 시민 23명 '정당 행위' 인정… 42년 만에 명예회복,https://n.news.naver.com/mnews/article/469/0000674883
2022.05.13. 오후 6:41,"이준석, 이재명 ‘소고기·초밥’ 저격…“불체포특권 개정돼야”",https://n.news.naver.com/mnews/article/023/0003691279
2022.05.13. 오후 5:31,“1800만원이 이틀 만에 1만원 돼”…‘루나’ 투자자들 ‘패닉’,https://n.news.naver.com/mnews/article/028/0002590552
2022.05.13. 오후 7:12,"박지원 ""이틀전 사표 내래서 냈다""…尹, 국정원장 사표 수리",https://n.news.naver.com/mnews/article/025/0003194712
2022.05.13. 오후 6:41,"이준석, 이재명 ‘소고기·초밥’ 저격…“불체포특권 개정돼야”",https://n.news.naver.com/mnews/article/023/0003691279
2022.05.13. 오후 8:31,5·18 기소유예 시민 23명 '정당 행위' 인정… 42년 만에 명예회복,https://n.news.naver.com/mnews/article/469/0000674883
2022.05.13. 오후 5:31,“1800만원이 이틀 만에 1만원 돼”…‘루나’ 투자자들 ‘패닉’,https://n.news.naver.com/mnews/article/028/0002590552
2022.05.13. 오후 8:09,"윤 대통령과 회동한 이준석, 정호영 거취 '빠른 결정' 당부했다",https://n.news.naver.com/mnews/article/469/0000674882
2022.05.13. 오후 5:27,‘등록금 올리는 대학’도 국가장학금 검토…내년 등록금 오르나,https://n.news.naver.com/mnews/article/028/0002590551
2022.05.13. 오후 7:10,"北 백신접종률 0%…""사망자 수십만명 쏟아질수도"" 재앙 경고",https://n.news.naver.com/mnews/article/025/0003194710
2022.05.13. 오후 6:41,박지원 “북한 코로나 창궐하면 또다시 불행...코백스 경유해 지원 어떤가”,https://n.news.naver.com/mnews/article/023/0003691278
2022.05.13. 오후 8:09,"윤 대통령과 회동한 이준석, 정호영 거취 '빠른 결정' 당부했다",https://n.news.naver.com/mnews/article/469/0000674882
2022.05.13. 오후 7:10,"北 백신접종률 0%…""사망자 수십만명 쏟아질수도"" 재앙 경고",https://n.news.naver.com/mnews/article/025/0003194710
2022.05.13. 오후 6:41,박지원 “북한 코로나 창궐하면 또다시 불행...코백스 경유해 지원 어떤가”,https://n.news.naver.com/mnews/article/023/0003691278
2022.05.13. 오후 8:01,"초과세수 53조 두고 여야, 날선 공방…추경 처리 ‘진통 예고’",https://n.news.naver.com/mnews/article/469/0000674881
2022.05.13. 오후 5:27,‘등록금 올리는 대학’도 국가장학금 검토…내년 등록금 오르나,https://n.news.naver.com/mnews/article/028/0002590551
2022.05.13. 오후 7:06,"루나 대표집 찾아간 BJ ""풀매수 20억 날리고, 빨간줄도 긋고""",https://n.news.naver.com/mnews/article/025/0003194709
2022.05.13. 오후 11:21,"더 강경해진 러… ""우크라 EU 가입도 안돼""",https://n.news.naver.com/mnews/article/469/0000674900
2022.05.13. 오후 7:06,"루나 대표집 찾아간 BJ ""풀매수 20억 날리고, 빨간줄도 긋고""",https://n.news.naver.com/mnews/article/025/0003194709
2022.05.13. 오후 7:05,"이준석, 尹에 “인사 빠른 판단해달라”…그뒤 김성회 자진사퇴",https://n.news.naver.com/mnews/article/025/0003194708
2022.05.13. 오후 6:14,루나 폭락이 ‘코인런’ 불렀다... 가상화폐 시총 257조원 증발,https://n.news.naver.com/mnews/article/023/0003691277
2022.05.13. 오후 8:01,"초과세수 53조 두고 여야, 날선 공방…추경 처리 ‘진통 예고’",https://n.news.naver.com/mnews/article/469/0000674881
2022.05.13. 오후 11:11,‘라식 vs 라섹 vs 렌즈삽입술’ 얼마나 알고 있나?,https://n.news.naver.com/mnews/article/469/0000674899
2022.05.13. 오후 6:14,루나 폭락이 ‘코인런’ 불렀다... 가상화폐 시총 257조원 증발,https://n.news.naver.com/mnews/article/023/0003691277
2022.05.13. 오후 11:11,‘라식 vs 라섹 vs 렌즈삽입술’ 얼마나 알고 있나?,https://n.news.naver.com/mnews/article/469/0000674899
2022.05.13. 오후 10:36,"'1.8대 1'...6·1 지방선거, 역대 최저 경쟁률 찍을 듯",https://n.news.naver.com/mnews/article/469/0000674898
2022.05.13. 오후 6:12,“성매매 했냐” 추궁하러 찾아온 동거녀 폭행해 전치 8주...50대 男 징역 2년 선고,https://n.news.naver.com/mnews/article/023/0003691276
2022.05.13. 오후 10:36,"'1.8대 1'...6·1 지방선거, 역대 최저 경쟁률 찍을 듯",https://n.news.naver.com/mnews/article/469/0000674898
2022.05.13. 오후 6:12,“성매매 했냐” 추궁하러 찾아온 동거녀 폭행해 전치 8주...50대 男 징역 2년 선고,https://n.news.naver.com/mnews/article/023/0003691276
2022.05.13. 오후 7:05,"이준석, 尹에 “인사 빠른 판단해달라”…그뒤 김성회 자진사퇴",https://n.news.naver.com/mnews/article/025/0003194708
2022.05.13. 오후 10:33,태아 건강을 위협하는 '태변증후군'…산전 초음파검사 중요,https://n.news.naver.com/mnews/article/469/0000674897
2022.05.13. 오후 9:53,‘성 비위 적발’ 총무비서관…과거 시집에서 지하철 성추행을 ”사내아이의 자유”로,https://n.news.naver.com/mnews/article/028/0002590571
2022.05.13. 오후 10:33,태아 건강을 위협하는 '태변증후군'…산전 초음파검사 중요,https://n.news.naver.com/mnews/article/469/0000674897
2022.05.13. 오후 9:53,‘성 비위 적발’ 총무비서관…과거 시집에서 지하철 성추행을 ”사내아이의 자유”로,https://n.news.naver.com/mnews/article/028/0002590571
2022.05.13. 오후 10:23,"박진, 美 블링컨에 ""'중추국가'로서 한국 역할 확대"" 제안",https://n.news.naver.com/mnews/article/469/0000674896
2022.05.13. 오후 9:53,윤재순 총무비서관 “지하철 성추행은 사내아이들 자유”,https://n.news.naver.com/mnews/article/028/0002590570
2022.05.13. 오후 9:53,윤재순 총무비서관 “지하철 성추행은 사내아이들 자유”,https://n.news.naver.com/mnews/article/028/0002590570
2022.05.13. 오후 9:31,‘미스터 소수의견’ 김이수 “앞으로도 공익 활동하면서 살겠다”,https://n.news.naver.com/mnews/article/028/0002590569
